/*
SQLyog Ultimate v11.28 (64 bit)
MySQL - 5.6.21 : Database - uptics_mysql
*********************************************************************
*/


/*!40101 SET NAMES utf8 */;

/*!40101 SET SQL_MODE=''*/;

/*!40014 SET @OLD_UNIQUE_CHECKS=@@UNIQUE_CHECKS, UNIQUE_CHECKS=0 */;
/*!40014 SET @OLD_FOREIGN_KEY_CHECKS=@@FOREIGN_KEY_CHECKS, FOREIGN_KEY_CHECKS=0 */;
/*!40101 SET @OLD_SQL_MODE=@@SQL_MODE, SQL_MODE='NO_AUTO_VALUE_ON_ZERO' */;
/*!40111 SET @OLD_SQL_NOTES=@@SQL_NOTES, SQL_NOTES=0 */;
CREATE DATABASE /*!32312 IF NOT EXISTS*/`uptics_mysql` /*!40100 DEFAULT CHARACTER SET latin1 */;
USE `uptics_mysql`;
DROP TABLE IF EXISTS `banners`;
CREATE TABLE `banners` (
  `uid` int(11) NOT NULL,
  `DataBlob` longblob,
  `FechaInicio` longtext,
  `FechaFin` longtext,
  `idStatus` int(11) DEFAULT NULL,
  `FechaHora` longtext,
  `LastUpdate` longtext,
  PRIMARY KEY (`uid`)
) ENGINE=InnoDB DEFAULT CHARSET=latin1;

DROP TABLE IF EXISTS `banners_status`;

CREATE TABLE `banners_status` (
  `idStatus` int(11) NOT NULL,
  `Status` longtext,
  PRIMARY KEY (`idStatus`)
) ENGINE=InnoDB DEFAULT CHARSET=latin1;
/*Data for the table `banners_status` */
insert  into `banners_status`(`idStatus`,`Status`) values (1,'Activo'),(2,'Inactivo');
/*Table structure for table `caja` */

DROP TABLE IF EXISTS `caja`;


CREATE TABLE `caja` (
  `idCaja` int(11) NOT NULL,
  `FechaVenta` longtext,
  PRIMARY KEY (`idCaja`)
) ENGINE=InnoDB DEFAULT CHARSET=latin1;
insert into caja values(1,'2015-01-01');
insert into caja values(2,'2015-01-02');
insert into caja values(3,'2015-01-03');
insert into caja values(4,'2015-01-04');
insert into caja values(5,'2015-01-05');
insert into caja values(6,'2015-01-06');
insert into caja values(7,'2015-01-07');
insert into caja values(8,'2015-01-08');
insert into caja values(9,'2015-01-09');
insert into caja values(10,'2015-01-10');
insert into caja values(11,'2015-01-11');
insert into caja values(12,'2015-01-12');
insert into caja values(13,'2015-01-13');
insert into caja values(14,'2015-01-14');

insert into caja values(15,'2015-01-15');

insert into caja values(16,'2015-01-01');
insert into caja values(17,'2015-01-02');
insert into caja values(18,'2015-01-03');
insert into caja values(19,'2015-01-04');
insert into caja values(20,'2015-01-05');
insert into caja values(21,'2015-01-06');
insert into caja values(22,'2015-01-06');
insert into caja values(23,'2015-01-08');
insert into caja values(24,'2015-02-01');


/*Data for the table `caja` */
/*Table structure for table `caja_cortes` */

DROP TABLE IF EXISTS `caja_cortes`;
CREATE TABLE `caja_cortes` (
  `idCaja` int(11) NOT NULL,
  `IMEI` longtext,
  `Nombre` longtext,
  `TotalVentas` int(11) DEFAULT NULL,
  `FolioInicial` int(11) DEFAULT NULL,
  `FolioFinal` int(11) DEFAULT NULL,
  `Monto` double DEFAULT NULL,
  `FechaCorte` longtext,
  PRIMARY KEY (`idCaja`)
) ENGINE=InnoDB DEFAULT CHARSET=latin1;
insert into caja_cortes values(1,'0001','Manuel de Jesus',3,2,5,2004,'2015-01-01');
insert into caja_cortes values(2,'0001','Manuel de Jesus',3,2,5,5004,'2015-01-02');
insert into caja_cortes values(3,'0001','Manuel de Jesus',3,2,5,7004,'2015-01-03');
insert into caja_cortes values(4,'0001','Manuel de Jesus',3,2,5,8004.40,'2015-01-04');
insert into caja_cortes values(5,'0001','Manuel de Jesus',3,2,5,3454.50,'2015-01-05');
insert into caja_cortes values(6,'0001','Manuel de Jesus',3,2,5,1250.50,'2015-01-06');
insert into caja_cortes values(7,'0001','Manuel de Jesus',3,2,5,230.50,'2015-01-07');
insert into caja_cortes values(8,'0001','Manuel de Jesus',3,2,5,50.50,'2015-01-08');
insert into caja_cortes values(9,'0001','Manuel de Jesus',3,2,5,150.50,'2015-01-09');
insert into caja_cortes values(10,'0001','Manuel de Jesus',3,2,5,1250.50,'2015-01-10');
insert into caja_cortes values(11,'0001','Manuel de Jesus',3,2,5,4250.50,'2015-01-11');
insert into caja_cortes values(12,'0001','Manuel de Jesus',3,2,5,2250.50,'2015-01-12');
insert into caja_cortes values(13,'0001','Manuel de Jesus',3,2,5,5250.50,'2015-01-13');
insert into caja_cortes values(14,'0001','Manuel de Jesus',3,2,5,7250.50,'2015-01-14');

insert into caja_cortes values(25,'0001','Manuel de Jesus',1,2,5,250.50,'2015-01-15');
insert into caja_cortes values(26,'0001','Manuel de Jesus',3,2,5,50.50,'2015-01-16');
insert into caja_cortes values(27,'0001','Manuel de Jesus',3,2,4,1250.50,'2015-01-17');
insert into caja_cortes values(28,'0001','Manuel de Jesus',3,2,5,3350.50,'2015-01-18');
insert into caja_cortes values(29,'0001','Manuel de Jesus',3,2,5,2353.50,'2015-01-19');
insert into caja_cortes values(30,'0001','Manuel de Jesus',3,2,5,2650.50,'2015-01-20');
insert into caja_cortes values(31,'0001','Manuel de Jesus',3,3,5,2750.50,'2015-01-21');
insert into caja_cortes values(32,'0001','Manuel de Jesus',3,3,5,1250.50,'2015-01-22');
insert into caja_cortes values(33,'0001','Manuel de Jesus',3,3,5,4250.50,'2015-01-23');
insert into caja_cortes values(34,'0001','Manuel de Jesus',3,3,5,2450.50,'2015-01-24');
insert into caja_cortes values(35,'0001','Manuel de Jesus',3,3,5,1850.50,'2015-01-25');
insert into caja_cortes values(36,'0001','Manuel de Jesus',3,3,5,2540.50,'2015-01-26');
insert into caja_cortes values(37,'0001','Manuel de Jesus',3,3,5,2450.50,'2015-01-27');
insert into caja_cortes values(38,'0001','Manuel de Jesus',3,3,5,1770.50,'2015-01-28');
insert into caja_cortes values(39,'0001','Manuel de Jesus',3,3,5,25,'2015-01-29');
insert into caja_cortes values(40,'0001','Manuel de Jesus',3,2,5,3330.50,'2015-01-30');


insert into caja_cortes values(16,'0002','Manuel de Jesus',5,6,5,250.50,'2015-01-01');
insert into caja_cortes values(17,'0002','Manuel de Jesus',4,4,5,150.50,'2015-01-02');
insert into caja_cortes values(18,'0002','Manuel de Jesus',2,2,5,1030.50,'2015-01-03');
insert into caja_cortes values(19,'0002','Manuel de Jesus',3,2,5,2250.50,'2015-01-04');
insert into caja_cortes values(20,'0002','Manuel de Jesus',3,2,5,4250.50,'2015-01-05');
insert into caja_cortes values(21,'0002','Manuel de Jesus',3,2,5,1700.50,'2015-01-06');
insert into caja_cortes values(22,'0002','Manuel de Jesus',3,2,5,2250.50,'2015-01-07');
insert into caja_cortes values(23,'0002','Manuel de Jesus',3,2,5,5550.50,'2015-01-08');
insert into caja_cortes values(24,'0001','Manuel de Jesus',3,2,5,5550.50,'2015-02-01');

insert into caja_cortes values(45,'0001','Manuel de Jesus',3,4,5,550.50,'2015-03-04');
insert into caja_cortes values(46,'0001','Manuel de Jesus',3,2,5,1000,'2015-03-05');
insert into caja_cortes values(47,'0001','Manuel de Jesus',3,2,5,2000,'2015-04-07');
insert into caja_cortes values(48,'0001','Manuel de Jesus',3,2,5,2000,'2015-04-09');
insert into caja_cortes values(49,'0001','Manuel de Jesus',3,2,5,1000,'2015-05-09');
insert into caja_cortes values(50,'0001','Manuel de Jesus',3,2,5,5000,'2015-05-19');
insert into caja_cortes values(51,'0001','Manuel de Jesus',3,2,5,3000,'2015-06-09');
insert into caja_cortes values(52,'0001','Manuel de Jesus',3,2,5,4000,'2015-06-29');
insert into caja_cortes values(53,'0001','Manuel de Jesus',3,2,5,200,'2015-07-01');
insert into caja_cortes values(54,'0001','Manuel de Jesus',3,2,5,4000,'2015-07-2');
insert into caja_cortes values(55,'0001','Manuel de Jesus',3,2,5,500,'2015-08-02');
insert into caja_cortes values(56,'0001','Manuel de Jesus',3,2,5,2000,'2015-08-20');
insert into caja_cortes values(57,'0001','Manuel de Jesus',3,2,5,500,'2015-09-12');
insert into caja_cortes values(58,'0001','Manuel de Jesus',3,2,5,4000,'2015-09-11');
insert into caja_cortes values(59,'0001','Manuel de Jesus',3,2,5,700,'2015-10-01');
insert into caja_cortes values(60,'0001','Manuel de Jesus',3,2,5,800,'2015-10-11');

insert into caja_cortes values(41,'0001','Manuel de Jesus',3,2,5,2000,'2015-11-1');
insert into caja_cortes values(42,'0001','Manuel de Jesus',3,2,5,1200,'2015-11-24');
insert into caja_cortes values(43,'0001','Manuel de Jesus',3,2,5,3500,'2015-12-11');
insert into caja_cortes values(44,'0001','Manuel de Jesus',3,2,5,2500,'2015-12-31');
insert into caja_cortes values(61,'0001','Manuel de Jesus',3,2,5,1800,'2016-01-11');

insert into caja_cortes values(62,'0001','Manuel de Jesus',3,2,5,1800,'2016-02-11');
insert into caja_cortes values(63,'0001','Manuel de Jesus',3,2,5,2800,'2016-03-11');
insert into caja_cortes values(64,'0001','Manuel de Jesus',3,2,5,3800,'2016-04-11');
insert into caja_cortes values(65,'0001','Manuel de Jesus',3,2,5,4800,'2016-05-11');
insert into caja_cortes values(66,'0001','Manuel de Jesus',3,2,5,5800,'2016-06-11');
insert into caja_cortes values(67,'0001','Manuel de Jesus',3,2,5,6800,'2016-07-11');
insert into caja_cortes values(68,'0001','Manuel de Jesus',3,2,5,7800,'2016-08-11');
insert into caja_cortes values(69,'0001','Manuel de Jesus',3,2,5,8800,'2016-09-11');
insert into caja_cortes values(70,'0001','Manuel de Jesus',3,2,5,9800,'2016-10-11');
insert into caja_cortes values(71,'0001','Manuel de Jesus',3,2,5,1800,'2016-11-11');
insert into caja_cortes values(72,'0001','Manuel de Jesus',3,2,5,5800,'2016-12-11');
insert into caja_cortes values(73,'0001','Manuel de Jesus',3,2,5,2800,'2017-01-11');
insert into caja_cortes values(74,'0001','Manuel de Jesus',3,2,5,1800,'2018-02-11');
insert into caja_cortes values(75,'0001','Manuel de Jesus',3,2,5,1800,'2019-03-11');

insert into caja_cortes values(76,'0001','Manuel de Jesus',3,2,5,1800,'2017-02-11');
insert into caja_cortes values(77,'0001','Manuel de Jesus',3,2,5,2000,'2017-03-11');
insert into caja_cortes values(78,'0001','Manuel de Jesus',3,2,5,3000,'2017-04-11');
insert into caja_cortes values(79,'0001','Manuel de Jesus',3,2,5,4800,'2017-05-11');
insert into caja_cortes values(80,'0001','Manuel de Jesus',3,2,5,5800,'2017-06-11');
insert into caja_cortes values(81,'0001','Manuel de Jesus',3,2,5,7800,'2017-07-11');




/*Table structure for table `categoria` */

select A.* ,date_format(A.FechaCorte,'%Y-%m') as fecha ,sum(A.Monto) as Total from caja_cortes as A group by fecha;
DROP TABLE IF EXISTS `categoria`;

CREATE TABLE `categoria` (
  `idCategoria` int(11) NOT NULL,
  `Categoria` longtext,
  `parentid` int(11) DEFAULT NULL,
  PRIMARY KEY (`idCategoria`)
) ENGINE=InnoDB DEFAULT CHARSET=latin1;

/*Data for the table `categoria` */

insert  into `categoria`(`idCategoria`,`Categoria`,`parentid`) values (1,'General',0),(2,'ABARROTES',0),(3,'ARTÍCULOS PARA EL HOGAR Y LA LIMPIEZA',0),(4,'CÁRNICOS',0),(5,'CEREALES',0),(6,'GRANOS Y SEMILLAS',0),(7,'HORTOFRUTÍCOLAS',0);

/*Table structure for table `clientes` */

DROP TABLE IF EXISTS `clientes`;

CREATE TABLE `clientes` (
  `idCliente` int(11) NOT NULL,
  `RFC` longtext,
  `RazonSocial` longtext,
  `Calle` longtext,
  `NumExt` longtext,
  `NumInt` longtext,
  `Colonia` longtext,
  `idMunicipio` int(11) NOT NULL,
  `CP` longtext,
  `TelOficina` longtext,
  `Celular` longtext,
  `Correo` longtext,
  `idStatus` int(11) NOT NULL,
  `UserUpdate` longtext NOT NULL,
  `LastUpdate` longtext,
  `FechaCreate` longtext,
  `IMEI_Tab` longtext,
  `IMEI_Cel` longtext,
  `NumSerie` longtext,
  `WSID` longtext,
  `MacAddress` longtext,
  `idGiro` int(11) NOT NULL,
  `idRegimen` int(11) NOT NULL,
  `Ciudad` longtext,
  PRIMARY KEY (`idCliente`)
) ENGINE=InnoDB DEFAULT CHARSET=latin1;

/*Data for the table `clientes` */

insert  into `clientes`(`idCliente`,`RFC`,`RazonSocial`,`Calle`,`NumExt`,`NumInt`,`Colonia`,`idMunicipio`,`CP`,`TelOficina`,`Celular`,`Correo`,`idStatus`,`UserUpdate`,`LastUpdate`,`FechaCreate`,`IMEI_Tab`,`IMEI_Cel`,`NumSerie`,`WSID`,`MacAddress`,`idGiro`,`idRegimen`,`Ciudad`) values (65,'PA','Papeleria local','','','','',0,'','','9611979621','lupita8_ramos@hotmail.com',1,'Admin','','2015-02-09 17:11:48','','','','297e78b99c65cacdfb713ca968a133c2','00:09:4c:59:e7:9a',2,0,'');

/*Table structure for table `clientes_giros` */

DROP TABLE IF EXISTS `clientes_giros`;

CREATE TABLE `clientes_giros` (
  `idGiro` int(11) NOT NULL,
  `Giro` longtext,
  `FechaHora` longtext,
  PRIMARY KEY (`idGiro`)
) ENGINE=InnoDB DEFAULT CHARSET=latin1;

/*Data for the table `clientes_giros` */
insert  into `clientes_giros`(`idGiro`,`Giro`,`FechaHora`) values (1,'ABARROTES','2015-03-05 13:53:01'),(2,'PAPELERIA','2015-03-05 13:53:01');
/*Table structure for table `clientes_regimen` */
DROP TABLE IF EXISTS `clientes_regimen`;
CREATE TABLE `clientes_regimen` (
  `idRegimen` int(11) NOT NULL,
  `Regimen` longtext,
  PRIMARY KEY (`idRegimen`)
) ENGINE=InnoDB DEFAULT CHARSET=latin1;
/*Data for the table `clientes_regimen` */
insert  into `clientes_regimen`(`idRegimen`,`Regimen`) values (1,'Regimen de Incorporacion Fiscal (RIF)'),(2,'Regimen General (RG)');
/*Table structure for table `clientes_sincronizacion` */
DROP TABLE IF EXISTS `clientes_sincronizacion`;
CREATE TABLE `clientes_sincronizacion` (
  `idSincronizacion` int(11) NOT NULL,
  `idCliente` int(11) NOT NULL,
  `FechaHora` longtext,
  `Tipo` int(11) DEFAULT NULL,
  PRIMARY KEY (`idSincronizacion`)
) ENGINE=InnoDB DEFAULT CHARSET=latin1;
/*Data for the table `clientes_sincronizacion` */
insert  into `clientes_sincronizacion`(`idSincronizacion`,`idCliente`,`FechaHora`,`Tipo`) values (1,65,'2015-03-05 13:52:51',1),(2,65,'2015-03-05 13:52:51',2);
/*Table structure for table `compras` */
DROP TABLE IF EXISTS `compras`;
CREATE TABLE `compras` (
  `idCompra` int(11) NOT NULL,
  `idProveedores` int(11) NOT NULL,
  `TotalPiezas` int(11) DEFAULT NULL,
  `Costo` double DEFAULT NULL,
  `IVA` double DEFAULT NULL,
  `FechaCompra` longtext,
  `FechaRecepcion` longtext,
  `Vendedor` longtext,
  `Celular` longtext,
  `Telefono` longtext,
  `Correo` longtext,
  `IMEI` longtext,
  `idComprasStatus` int(11) NOT NULL,
  `Referencia` longtext,
  PRIMARY KEY (`idCompra`)
) ENGINE=InnoDB DEFAULT CHARSET=latin1;
/*Data for the table `compras` */
insert  into `compras`(`idCompra`,`idProveedores`,`TotalPiezas`,`Costo`,`IVA`,`FechaCompra`,`FechaRecepcion`,`Vendedor`,`Celular`,`Telefono`,`Correo`,`IMEI`,`idComprasStatus`,`Referencia`) values (1,2,1,26.3,NULL,'2015-02-14 12:05:28','',NULL,NULL,NULL,NULL,NULL,1,'123'),(2,4,5,25,NULL,'2015-02-16 18:00:13','',NULL,NULL,NULL,NULL,NULL,1,'344'),(3,12,450,2094.87,NULL,'2015-02-18 12:58:11','',NULL,NULL,NULL,NULL,NULL,1,'24022259');
insert into compras values(3,1,3,500,80,'2015-02-14 12:05:28','2015-02-15 1:05:28',"Manue",'9616507156','','','0001',1,'');
insert into compras values(4,2,5,1000,160,'2015-03-13 12:05:28','2015-03-15 1:05:28',"Manue",'9616507156','','','0001',1,'');
insert into compras values(5,3,10,2000,640,'2015-03-13 12:05:28','2015-03-15 1:05:28',"Manuel de jeuss",'9616507156','','','0001',1,'');
insert into compras values(6,3,10,4000,640,'2015-04-3 12:05:28','2015-03-15 1:05:28',"Manuel de jeuss",'9616507156','','','0001',1,'');
insert into compras values(7,3,10,3000,140,'2015-04-23 12:05:28','2015-03-15 1:05:28',"Manuel de jeuss",'9616507156','','','0001',1,'');
insert into compras values(8,3,10,4000,640,'2015-05-11 12:05:28','2015-03-15 1:05:28',"Manuel de jeuss",'9616507156','','','0001',1,'');
insert into compras values(9,3,10,2000,640,'2015-05-11 12:05:28','2015-03-15 1:05:28',"Manuel de jeuss",'9616507156','','','0001',1,'');
insert into compras values(10,4,10,4000,640,'2015-06-11 12:05:28','2015-03-15 1:05:28',"Manuel de jeuss",'9616507156','','','0001',1,'');
insert into compras values(11,5,10,2000,640,'2015-06-11 12:05:28','2015-03-15 1:05:28',"Manuel de jeuss",'9616507156','','','0001',1,'');
insert into compras values(12,6,10,100,640,'2015-07-11 12:05:28','2015-03-15 1:05:28',"Manuel de jeuss",'9616507156','','','0001',1,'');
insert into compras values(13,7,10,300,640,'2015-07-11 12:05:28','2015-03-15 1:05:28',"Manuel de jeuss",'9616507156','','','0001',1,'');
insert into compras values(14,8,10,6000,640,'2015-08-11 12:05:28','2015-03-15 1:05:28',"Manuel de jeuss",'9616507156','','','0001',1,'');
insert into compras values(15,1,10,700,640,'2015-08-11 12:05:28','2015-03-15 1:05:28',"Manuel de jeuss",'9616507156','','','0001',1,'');
insert into compras values(16,4,10,4100,640,'2015-09-11 12:05:28','2015-03-15 1:05:28',"Manuel de jeuss",'9616507156','','','0001',1,'');
insert into compras values(17,2,10,2100,640,'2015-09-12 12:05:28','2015-03-15 1:05:28',"Manuel de jeuss",'9616507156','','','0001',1,'');
insert into compras values(18,6,10,100,640,'2015-10-11 12:05:28','2015-03-15 1:05:28',"Manuel de jeuss",'9616507156','','','0001',1,'');
insert into compras values(19,7,10,3100,640,'2015-10-11 12:05:28','2015-03-15 1:05:28',"Manuel de jeuss",'9616507156','','','0001',1,'');
insert into compras values(20,8,10,5100,640,'2015-11-11 12:05:28','2015-03-15 1:05:28',"Manuel de jeuss",'9616507156','','','0001',1,'');
insert into compras values(21,9,100,7100,640,'2015-11-11 12:05:28','2015-03-15 1:05:28',"Manuel de jeuss",'9616507156','','','0001',1,'');
insert into compras values(22,10,100,2100,640,'2015-12-11 12:05:28','2015-03-15 1:05:28',"Manuel de jeuss",'9616507156','','','0001',1,'');
insert into compras values(23,11,10,7100,640,'2015-12-11 12:05:28','2015-03-15 1:05:28',"Manuel de jeuss",'9616507156','','','0001',1,'');
/*Table structure for table `compras_productos` */
DROP TABLE IF EXISTS `compras_productos`;
CREATE TABLE `compras_productos` (
  `idCompra` int(11) NOT NULL,
  `idProductos` int(11) NOT NULL,
  `Cantidad` int(11) DEFAULT NULL,
  `idUnidadMedida` int(11) DEFAULT NULL,
  `Costo` double DEFAULT NULL,
  `IVA` double DEFAULT NULL,
  `FechaHora` longtext,
  `LastUpdate` longtext,
  `Recibido` int(11) DEFAULT NULL,
  `IMEI` longtext,
  PRIMARY KEY (`idCompra`,`idProductos`)
) ENGINE=InnoDB DEFAULT CHARSET=latin1;

/*Data for the table `compras_productos` */

insert  into `compras_productos`(`idCompra`,`idProductos`,`Cantidad`,`idUnidadMedida`,`Costo`,`IVA`,`FechaHora`,`LastUpdate`,`Recibido`,`IMEI`) values (1,389,1,NULL,26.3,NULL,'2015-02-14 12:05:29','2015-02-14 12:05:29',0,NULL),(2,587,5,NULL,5,NULL,'2015-02-16 18:00:13','2015-02-16 18:00:13',0,NULL),(3,606,9,NULL,8.36,NULL,'2015-02-18 12:58:12','2015-02-18 12:58:12',0,NULL),(3,607,69,NULL,1.35,NULL,'2015-02-18 12:58:12','2015-02-18 12:58:12',0,NULL),(3,631,25,NULL,2.52,NULL,'2015-02-18 12:58:12','2015-02-18 12:58:12',0,NULL),(3,632,50,NULL,0.39,NULL,'2015-02-18 12:58:12','2015-02-18 12:58:12',0,NULL),(3,633,9,NULL,6.1,NULL,'2015-02-18 12:58:12','2015-02-18 12:58:12',0,NULL),(3,634,3,NULL,4.87,NULL,'2015-02-18 12:58:12','2015-02-18 12:58:12',0,NULL),(3,635,12,NULL,9.5,NULL,'2015-02-18 12:58:12','2015-02-18 12:58:12',0,NULL),(3,636,3,NULL,16.1,NULL,'2015-02-18 12:58:12','2015-02-18 12:58:12',0,NULL),(3,637,4,NULL,16.1,NULL,'2015-02-18 12:58:12','2015-02-18 12:58:12',0,NULL),(3,638,2,NULL,16.1,NULL,'2015-02-18 12:58:12','2015-02-18 12:58:12',0,NULL),(3,639,1,NULL,16.1,NULL,'2015-02-18 12:58:12','2015-02-18 12:58:12',0,NULL),(3,640,40,NULL,5.5,NULL,'2015-02-18 12:58:12','2015-02-18 12:58:12',0,NULL),(3,641,51,NULL,4.9,NULL,'2015-02-18 12:58:12','2015-02-18 12:58:12',0,NULL),(3,642,11,NULL,9.16,NULL,'2015-02-18 12:58:12','2015-02-18 12:58:12',0,NULL),(3,643,5,NULL,5.58,NULL,'2015-02-18 12:58:12','2015-02-18 12:58:12',0,NULL),(3,644,10,NULL,9.97,NULL,'2015-02-18 12:58:12','2015-02-18 12:58:12',0,NULL),(3,645,7,NULL,6.3,NULL,'2015-02-18 12:58:12','2015-02-18 12:58:12',0,NULL),(3,646,5,NULL,3.7,NULL,'2015-02-18 12:58:12','2015-02-18 12:58:12',0,NULL),(3,647,7,NULL,2.9,NULL,'2015-02-18 12:58:12','2015-02-18 12:58:12',0,NULL),(3,648,4,NULL,14.6,NULL,'2015-02-18 12:58:12','2015-02-18 12:58:12',0,NULL),(3,649,12,NULL,3.9,NULL,'2015-02-18 12:58:12','2015-02-18 12:58:12',0,NULL),(3,650,1,NULL,4.7,NULL,'2015-02-18 12:58:12','2015-02-18 12:58:12',0,NULL),(3,651,8,NULL,2.5,NULL,'2015-02-18 12:58:12','2015-02-18 12:58:12',0,NULL),(3,652,8,NULL,2.5,NULL,'2015-02-18 12:58:12','2015-02-18 12:58:12',0,NULL),(3,653,5,NULL,2.5,NULL,'2015-02-18 12:58:12','2015-02-18 12:58:12',0,NULL),(3,654,48,NULL,6.67,NULL,'2015-02-18 12:58:12','2015-02-18 12:58:12',0,NULL),(3,655,41,NULL,5.75,NULL,'2015-02-18 12:58:12','2015-02-18 12:58:12',0,NULL);

/*Table structure for table `compras_status` */

DROP TABLE IF EXISTS `compras_status`;

CREATE TABLE `compras_status` (
  `idComprasStatus` int(11) NOT NULL,
  `Status` longtext,
  PRIMARY KEY (`idComprasStatus`)
) ENGINE=InnoDB DEFAULT CHARSET=latin1;

/*Data for the table `compras_status` */

insert  into `compras_status`(`idComprasStatus`,`Status`) values (1,'De contado'),(2,'A crédito'),(3,'Lista de Compras'),(4,'Surtido');

/*Table structure for table `compras_tmp` */

DROP TABLE IF EXISTS `compras_tmp`;

CREATE TABLE `compras_tmp` (
  `uid` int(11) NOT NULL,
  `idProveedores` int(11) NOT NULL,
  `idProductos` int(11) NOT NULL,
  `Cantidad` int(11) DEFAULT NULL,
  `idUnidadMedida` int(11) DEFAULT NULL,
  `Costo` double DEFAULT NULL,
  `IVA` double DEFAULT NULL,
  `LastUpdate` longtext,
  PRIMARY KEY (`uid`)
) ENGINE=InnoDB DEFAULT CHARSET=latin1;

/*Data for the table `compras_tmp` */

/*Table structure for table `config` */

DROP TABLE IF EXISTS `config`;

CREATE TABLE `config` (
  `uid` int(11) NOT NULL,
  `IMEI` longtext,
  `ShowVirtualKB` int(11) DEFAULT NULL,
  PRIMARY KEY (`uid`)
) ENGINE=InnoDB DEFAULT CHARSET=latin1;

/*Data for the table `config` */

insert  into `config`(`uid`,`IMEI`,`ShowVirtualKB`) values (1,NULL,0);

/*Table structure for table `cortes` */

DROP TABLE IF EXISTS `cortes`;

CREATE TABLE `cortes` (
  `uid` int(11) NOT NULL,
  `FechaHora` longtext NOT NULL,
  `Ventas` int(11) DEFAULT NULL,
  `Facturas` int(11) DEFAULT NULL,
  `Monto` double DEFAULT NULL,
  `Tipo` int(11) DEFAULT NULL,
  `Referencia` longtext,
  PRIMARY KEY (`uid`)
) ENGINE=InnoDB DEFAULT CHARSET=latin1;

/*Data for the table `cortes` */

insert  into `cortes`(`uid`,`FechaHora`,`Ventas`,`Facturas`,`Monto`,`Tipo`,`Referencia`) values (1,'2015-02-14 12:01:17',2,0,23,1,'arturo'),(2,'2015-02-14 12:05:29',0,0,26,4,'Pago a proveedor'),(3,'2015-02-16 18:00:13',0,0,25,4,'Pago a proveedor'),(4,'2015-02-17 18:56:41',7,0,86,1,'ANITA'),(5,'2015-02-17 18:59:55',0,0,50,4,'Se retiró efectivo'),(6,'2015-02-18 12:58:12',0,0,36,4,'Pago a proveedor'),(7,'2015-02-23 19:14:04',10,0,281,2,'23 DE FEBRERO'),(8,'2015-02-23 19:14:47',0,0,150,5,'Se guardó efectivo');

/*Table structure for table `cortes_dias` */

DROP TABLE IF EXISTS `cortes_dias`;

CREATE TABLE `cortes_dias` (
  `uid` int(11) NOT NULL,
  `FechaHora` longtext NOT NULL,
  `Ventas` int(11) DEFAULT NULL,
  `Facturas` int(11) DEFAULT NULL,
  `Monto` double DEFAULT NULL,
  PRIMARY KEY (`uid`)
) ENGINE=InnoDB DEFAULT CHARSET=latin1;

/*Data for the table `cortes_dias` */

/*Table structure for table `cortes_facturas` */

DROP TABLE IF EXISTS `cortes_facturas`;

CREATE TABLE `cortes_facturas` (
  `uid` int(11) NOT NULL,
  `idFactura` int(11) NOT NULL,
  `FechaHora` longtext,
  PRIMARY KEY (`uid`,`idFactura`)
) ENGINE=InnoDB DEFAULT CHARSET=latin1;

/*Data for the table `cortes_facturas` */

/*Table structure for table `cortes_ventas` */

DROP TABLE IF EXISTS `cortes_ventas`;

CREATE TABLE `cortes_ventas` (
  `uid` int(11) NOT NULL,
  `idVenta` int(11) NOT NULL,
  `FechaHora` longtext,
  PRIMARY KEY (`uid`,`idVenta`)
) ENGINE=InnoDB DEFAULT CHARSET=latin1;

/*Data for the table `cortes_ventas` */

insert  into `cortes_ventas`(`uid`,`idVenta`,`FechaHora`) values (1,1,'2015-02-14 12:01:17'),(1,2,'2015-02-14 12:01:17'),(4,1,'2015-02-17 18:56:41'),(4,2,'2015-02-17 18:56:41'),(4,3,'2015-02-17 18:56:41'),(4,4,'2015-02-17 18:56:41'),(4,5,'2015-02-17 18:56:41'),(4,6,'2015-02-17 18:56:41'),(4,7,'2015-02-17 18:56:41'),(5,1,'2015-02-17 18:59:55'),(5,2,'2015-02-17 18:59:55'),(5,3,'2015-02-17 18:59:55'),(5,4,'2015-02-17 18:59:55'),(5,5,'2015-02-17 18:59:55'),(5,6,'2015-02-17 18:59:55'),(5,7,'2015-02-17 18:59:55'),(7,1,'2015-02-23 19:14:04'),(7,2,'2015-02-23 19:14:04'),(7,3,'2015-02-23 19:14:04'),(7,4,'2015-02-23 19:14:04'),(7,5,'2015-02-23 19:14:04'),(7,6,'2015-02-23 19:14:04'),(7,7,'2015-02-23 19:14:04'),(7,8,'2015-02-23 19:14:04'),(7,9,'2015-02-23 19:14:04'),(7,10,'2015-02-23 19:14:04');

/*Table structure for table `estado` */

DROP TABLE IF EXISTS `estado`;

CREATE TABLE `estado` (
  `idEstado` int(11) NOT NULL,
  `Estado` longtext,
  `Clave` longtext,
  `LastUpdate` longtext,
  `FechaHora` longtext,
  PRIMARY KEY (`idEstado`)
) ENGINE=InnoDB DEFAULT CHARSET=latin1;

/*Data for the table `estado` */

insert  into `estado`(`idEstado`,`Estado`,`Clave`,`LastUpdate`,`FechaHora`) values (1,'No Definido','','',''),(2,'Aguascalientes','AGS','',''),(3,'Baja California Norte','','',''),(4,'Baja California Sur','','',''),(5,'Campeche','','',''),(6,'Coahuila','','',''),(7,'Colima','','',''),(8,'Chiapas','','',''),(9,'Chihuahua','','',''),(10,'Sinaloa','','',''),(11,'Sinaloa','','',''),(12,'Guanajuato','','',''),(13,'Guerrero','','',''),(14,'Hidalgo','','',''),(15,'Jalisco','','',''),(16,'México','','',''),(17,'Michoacán','','',''),(18,'Morelos','','',''),(19,'Nayarit','','',''),(20,'Nuevo León','','',''),(21,'Oaxaca','','',''),(22,'Puebla','','',''),(23,'Querétaro','','',''),(24,'Quintana Roo','','',''),(25,'San Luis Potosí','','',''),(26,'Sonora','','',''),(27,'Tabasco','','',''),(28,'Tamaulipas','','',''),(29,'Tlaxcala','','',''),(30,'Veracruz','','',''),(31,'Yucatán','','',''),(32,'Zacatecas','','','');

/*Table structure for table `facturas` */

DROP TABLE IF EXISTS `facturas`;

CREATE TABLE `facturas` (
  `idFactura` int(11) NOT NULL,
  `Fecha` longtext,
  `idVenta` int(11) NOT NULL,
  `RFC` longtext,
  `Correo` longtext,
  `LastUpdate` longtext,
  `IMEI` longtext,
  `Notificado` int(11) DEFAULT NULL,
  `FechaNotificacion` longtext,
  PRIMARY KEY (`idFactura`)
) ENGINE=InnoDB DEFAULT CHARSET=latin1;

/*Data for the table `facturas` */

/*Table structure for table `gasto_concepto` */

DROP TABLE IF EXISTS `gasto_concepto`;

CREATE TABLE `gasto_concepto` (
  `idConcepto` int(11) NOT NULL,
  `Concepto` longtext,
  `LastUpdate` longtext,
  PRIMARY KEY (`idConcepto`)
) ENGINE=InnoDB DEFAULT CHARSET=latin1;

/*Data for the table `gasto_concepto` */
insert  into `gasto_concepto`(`idConcepto`,`Concepto`,`LastUpdate`) values (1,'PAGO AGUA','2014-08-27 15:53:52'),(2,'PAGO LUZ','2014-08-27 15:53:53'),(3,'PAGO TELEFONO','2014-08-27 15:53:54'),(4,'PAGO CABLE','2014-08-27 15:53:54'),(5,'PAGO DE RENTA','2014-08-27 15:53:55');
/*Table structure for table `gastos` */
DROP TABLE IF EXISTS `gastos`;
CREATE TABLE `gastos` (
  `idGasto` int(11) NOT NULL,
  `idConcepto` int(11) NOT NULL,
  `Concepto` longtext,
  `Monto` double DEFAULT NULL,
  `Fecha` longtext,
  `FechaHora` longtext,
  `Referencia` longtext,
  `FechaInicio` longtext,
  `FechaFinal` longtext,
  PRIMARY KEY (`idGasto`)
) ENGINE=InnoDB DEFAULT CHARSET=latin1;
 alter table gastos add IMEI longtext;
 alter table gastos modify idGasto int  auto_increment;
 --Meses
 insert into gastos values(0,1,'',254,'2015-01-01','2015-01-04 09:00:10 ','','2014-12-01','2015-01-01','0001');
 insert into gastos values(0,2,'',454,'2015-01-04','2015-01-04 09:00:10 ','','2014-12-01','2015-01-01','0001');
 insert into gastos values(0,3,'',400,'2015-01-06','2015-01-04 09:00:10 ','','2014-12-01','2015-01-01','0001');
 insert into gastos values(0,5,'',2000,'2015-01-07','2015-01-04 09:00:10 ','','2014-12-01','2015-01-01','0001');


 insert into gastos values(0,1,'',354,'2015-02-01','2015-02-04 09:00:10 ','','2015-01-01','2015-02-01','0001');
 insert into gastos values(0,2,'',654,'2015-02-04','2015-02-04 09:00:10 ','','2015-01-01','2015-02-01','0001');
 insert into gastos values(0,3,'',400,'2015-02-06','2015-02-04 09:00:10 ','','2015-01-01','2015-02-01','0001');
 insert into gastos values(0,5,'',200,'2015-02-07','2015-02-04 09:00:10 ','','2015-01-01','2015-02-01','0001');
 insert into gastos values(0,5,'',2000,'2015-02-07','2015-02-04 09:00:10 ','','2015-01-01','2015-02-01','0001');

 insert into gastos values(0,1,'',154,'2015-03-01','2015-03-04 09:00:10 ','','2015-02-01','2015-03-01','0001');
 insert into gastos values(0,2,'',304,'2015-03-04','2015-03-04 09:00:10 ','','2015-02-01','2015-03-01','0001');
 insert into gastos values(0,3,'',400,'2015-03-06','2015-03-04 09:00:10 ','','2015-02-01','2015-03-01','0001');
 insert into gastos values(0,5,'',200,'2015-03-07','2015-03-04 09:00:10 ','','2015-02-01','2015-03-01','0001');
 insert into gastos values(0,5,'',2000,'2015-03-07','2015-03-04 09:00:10 ','','2015-02-01','2015-04-01','0001');

 insert into gastos values(0,1,'',154,'2015-04-01','2015-04-04 09:00:10 ','','2015-03-01','2015-04-01','0001');
 insert into gastos values(0,2,'',304,'2015-04-04','2015-04-04 09:00:10 ','','2015-03-01','2015-04-01','0001');
 insert into gastos values(0,3,'',400,'2015-04-06','2015-04-04 09:00:10 ','','2015-03-01','2015-04-01','0001');
 insert into gastos values(0,5,'',200,'2015-04-07','2015-04-04 09:00:10 ','','2015-03-01','2015-04-01','0001');
 insert into gastos values(0,5,'',2000,'2015-04-07','2015-04-04 09:00:10 ','','2015-03-01','2015-04-01','0001');

 insert into gastos values(0,1,'',333.33,'2015-05-07','2015-04-04 09:00:10 ','','2015-03-01','2015-04-01','0001');

/*Data for the table `gastos` */
/*Table structure for table `informes` */
DROP TABLE IF EXISTS `informes`;

CREATE TABLE `informes` (
  `idInformes` int(11) NOT NULL,
  `FechaHora` longtext,
  `Descripcion` longtext,
  `DataArchivo` longblob,
  `Leido` int(11) DEFAULT NULL,
  `FechaLeido` longtext,
  PRIMARY KEY (`idInformes`)
) ENGINE=InnoDB DEFAULT CHARSET=latin1;
/*Data for the table `informes` */
insert  into `informes`(`idInformes`,`FechaHora`,`Descripcion`,`DataArchivo`,`Leido`,`FechaLeido`) values (1,'2014-08-27 15:53:55','Informe de bienvenido','%PDF-1.5\n1 0 obj\n<</Type /Pages\n/Kids [3 0 R]\n/Count 1>>\nendobj\n3 0 obj\n<</Type /Page\n/Parent 1 0 R\n/MediaBox [0 0 595.28 841.89]\n/Resources 2 0 R\n/Rotate 0\n/Contents 4 0 R>>\nendobj\n4 0 obj\n<</Length 1804>>\nstream\nBT /F1 9.00 Tf ET\n0 Tr\n/GS0 gs\n0 Tw 0 Tc 100 Tz 0 TL \nBT /F1 14.00 Tf ET\nq 0 0 0 rg BT 31.19 793.75 Td (Notas) Tj ET Q\nBT /F1 11.00 Tf ET\n0.8784313725490196 0.8784313725490196 0.8784313725490196 rg\n0 0 0 RG\n/GS1 gs\n0.00 w\n0 i \n[] 0 d\n3 M\n28.35 782.36 39.69 -56.69 re b\n/GS2 gs\nq 0 0 0 rg BT 46.66 771.97 Td ( ) Tj ET Q\nq 0 0 0 rg BT 33.22 757.80 Td (FECH) Tj ET Q\nq 0 0 0 rg BT 44.52 743.63 Td (A) Tj ET Q\nq 0 0 0 rg BT 46.66 729.45 Td ( ) Tj ET Q\n0 0 0 RG\n/GS3 gs\n0.00 w\n0 i \n[] 0 d\n3 M\n68.04 782.36 405.35 -56.69 re b\n/GS4 gs\nq 0 0 0 rg BT 269.18 771.97 Td ( ) Tj ET Q\nq 0 0 0 rg BT 251.15 757.80 Td (TITULO) Tj ET Q\nq 0 0 0 rg BT 269.18 743.63 Td ( ) Tj ET Q\n0 0 0 RG\n/GS5 gs\n0.00 w\n0 i \n[] 0 d\n3 M\n473.39 782.36 59.53 -56.69 re b\n/GS6 gs\nq 0 0 0 rg BT 501.62 771.97 Td ( ) Tj ET Q\nq 0 0 0 rg BT 479.32 757.80 Td (ETIQUET) Tj ET Q\nq 0 0 0 rg BT 495.82 743.63 Td (AS) Tj ET Q\nq 0 0 0 rg BT 501.62 729.45 Td ( ) Tj ET Q\n0 0 0 RG\n/GS7 gs\n0.00 w\n0 i \n[] 0 d\n3 M\n532.92 782.36 11.34 -56.69 re b\n/GS8 gs\nq 0 0 0 rg BT 537.06 771.97 Td ( ) Tj ET Q\nq 0 0 0 rg BT 537.06 743.63 Td ( ) Tj ET Q\n0 0 0 RG\n/GS9 gs\n0.00 w\n0 i \n[] 0 d\n3 M\n544.26 782.36 14.17 -56.69 re b\n/GS10 gs\nq 0 0 0 rg BT 549.81 771.97 Td ( ) Tj ET Q\nq 0 0 0 rg BT 549.81 743.63 Td ( ) Tj ET Q\n0 0 0 RG\n/GS11 gs\n0.00 w\n0 i \n[] 0 d\n3 M\n28.35 725.67 39.69 -28.35 re S\n/GS12 gs\nq 0 0 0 rg BT 31.19 715.28 Td (26/05/) Tj ET Q\nq 0 0 0 rg BT 31.19 701.11 Td (2014) Tj ET Q\n0 0 0 RG\n/GS13 gs\n0.00 w\n0 i \n[] 0 d\n3 M\n68.04 725.67 405.35 -28.35 re S\n/GS14 gs\nq 0 0 0 rg BT 70.87 715.28 Td (asdfasfd) Tj ET Q\n0 0 0 RG\n/GS15 gs\n0.00 w\n0 i \n[] 0 d\n3 M\n473.39 725.67 59.53 -28.35 re S\n/GS16 gs\n0 0 0 RG\n/GS17 gs\n0.00 w\n0 i \n[] 0 d\n3 M\n532.92 725.67 11.34 -28.35 re S\n/GS18 gs\n0 0 0 RG\n/GS19 gs\n0.00 w\n0 i \n[] 0 d\n3 M\n544.26 725.67 14.17 -28.35 re S\n/GS20 gs\nendstream\nendobj\n5 0 obj\n<</Type /OCG /Name (print)\n/Usage <</Print <</PrintState /ON>> /View <</ViewState /OFF>>>>>>\nendobj\n6 0 obj\n<</Type /OCG /Name (view)\n/Usage <</Print <</PrintState /OFF>> /View <</ViewState /ON>>>>>>\nendobj\n7 0 obj\n<</Type /ExtGState\n/ca 1\n/BM /Normal\n/n 7\n/SA true\n/CA 1\n>>\nendobj\n8 0 obj\n<</Type /ExtGState\n/ca 0.1\n/BM /Normal\n/n 8\n/SA true\n/CA 0.1\n>>\nendobj\n9 0 obj\n<</Type /ExtGState\n/ca 1\n/BM /Normal\n/n 9\n/SA true\n/CA 1\n>>\nendobj\n10 0 obj\n<</Type /ExtGState\n/ca 0.1\n/BM /Normal\n/n 10\n/SA true\n/CA 0.1\n>>\nendobj\n11 0 obj\n<</Type /ExtGState\n/ca 1\n/BM /Normal\n/n 11\n/SA true\n/CA 1\n>>\nendobj\n12 0 obj\n<</Type /ExtGState\n/ca 0.1\n/BM /Normal\n/n 12\n/SA true\n/CA 0.1\n>>\nendobj\n13 0 obj\n<</Type /ExtGState\n/ca 1\n/BM /Normal\n/n 13\n/SA true\n/CA 1\n>>\nendobj\n14 0 obj\n<</Type /ExtGState\n/ca 0.1\n/BM /Normal\n/n 14\n/SA true\n/CA 0.1\n>>\nendobj\n15 0 obj\n<</Type /ExtGState\n/ca 1\n/BM /Normal\n/n 15\n/SA true\n/CA 1\n>>\nendobj\n16 0 obj\n<</Type /ExtGState\n/ca 0.1\n/BM /Normal\n/n 16\n/SA true\n/CA 0.1\n>>\nendobj\n17 0 obj\n<</Type /ExtGState\n/ca 1\n/BM /Normal\n/n 17\n/SA true\n/CA 1\n>>\nendobj\n18 0 obj\n<</Type /ExtGState\n/ca 0.1\n/BM /Normal\n/n 18\n/SA true\n/CA 0.1\n>>\nendobj\n19 0 obj\n<</Type /ExtGState\n/ca 1\n/BM /Normal\n/n 19\n/SA true\n/CA 1\n>>\nendobj\n20 0 obj\n<</Type /ExtGState\n/ca 0.1\n/BM /Normal\n/n 20\n/SA true\n/CA 0.1\n>>\nendobj\n21 0 obj\n<</Type /ExtGState\n/ca 1\n/BM /Normal\n/n 21\n/SA true\n/CA 1\n>>\nendobj\n22 0 obj\n<</Type /ExtGState\n/ca 0.1\n/BM /Normal\n/n 22\n/SA true\n/CA 0.1\n>>\nendobj\n23 0 obj\n<</Type /ExtGState\n/ca 1\n/BM /Normal\n/n 23\n/SA true\n/CA 1\n>>\nendobj\n24 0 obj\n<</Type /ExtGState\n/ca 0.1\n/BM /Normal\n/n 24\n/SA true\n/CA 0.1\n>>\nendobj\n25 0 obj\n<</Type /ExtGState\n/ca 1\n/BM /Normal\n/n 25\n/SA true\n/CA 1\n>>\nendobj\n26 0 obj\n<</Type /ExtGState\n/ca 0.1\n/BM /Normal\n/n 26\n/SA true\n/CA 0.1\n>>\nendobj\n27 0 obj\n<</Type /ExtGState\n/ca 1\n/BM /Normal\n/n 27\n/SA true\n/CA 1\n>>\nendobj\n28 0 obj\n<</Type /Font\n/BaseFont /Helvetica\n/Subtype /Type1\n/Encoding /WinAnsiEncoding\n>>\nendobj\n2 0 obj\n<<\n/ProcSet [/PDF /Text /ImageB /ImageC /ImageI]\n/Font <<\n/F1 28 0 R\n>>\n/XObject <<\n>>\n/ExtGState <<\n/GS0 7 0 R\n/GS1 8 0 R\n/GS2 9 0 R\n/GS3 10 0 R\n/GS4 11 0 R\n/GS5 12 0 R\n/GS6 13 0 R\n/GS7 14 0 R\n/GS8 15 0 R\n/GS9 16 0 R\n/GS10 17 0 R\n/GS11 18 0 R\n/GS12 19 0 R\n/GS13 20 0 R\n/GS14 21 0 R\n/GS15 22 0 R\n/GS16 23 0 R\n/GS17 24 0 R\n/GS18 25 0 R\n/GS19 26 0 R\n/GS20 27 0 R\n>>\n/ColorSpace <<\n>>\n/Properties <</OC1 5 0 R /OC2 6 0 R>>\n>>\nendobj\n29 0 obj\n<<\n/Producer (AlivePDF 0.1.5 RC)\n/CreationDate (D:201405260617)\n>>\nendobj\n30 0 obj\n<<\n/Type /Catalog\n/Pages 1 0 R\n/OpenAction [3 0 R /FitH null]\n/PageLayout /SinglePage\n/PageMode /UseNone\n/OCProperties <</OCGs [5 0 R 6 0 R] /D <</ON [5 0 R] /OFF [6 0 R] /AS [<</Event /Print /OCGs [5 0 R 6 0 R] /Category [/Print]>> <</Event /View /OCGs [5 0 R 6 0 R] /Category [/View]>>]>>>>\n>>\nendobj\nxref\n0 31\n0000000000 65535 f \n0000000009 00000 n \n0000003998 00000 n \n0000000064 00000 n \n0000000182 00000 n \n0000002035 00000 n \n0000002143 00000 n \n0000002250 00000 n \n0000002325 00000 n \n0000002404 00000 n \n0000002479 00000 n \n0000002560 00000 n \n0000002637 00000 n \n0000002718 00000 n \n0000002795 00000 n \n0000002876 00000 n \n0000002953 00000 n \n0000003034 00000 n \n0000003111 00000 n \n0000003192 00000 n \n0000003269 00000 n \n0000003350 00000 n \n0000003427 00000 n \n0000003508 00000 n \n0000003585 00000 n \n0000003666 00000 n \n0000003743 00000 n \n0000003824 00000 n \n0000003901 00000 n \n0000004436 00000 n \n0000004519 00000 n \ntrailer\n<<\n/Size 31\n/Root 30 0 R\n/Info 29 0 R\n>>\nstartxref\n4831\n%%EOF\n',0,NULL);
/*Table structure for table `log_sincronizacion` */
DROP TABLE IF EXISTS `log_sincronizacion`;
CREATE TABLE `log_sincronizacion` (
  `uid` int(11) NOT NULL,
  `IMEI` longtext,
  `FechaHora` longtext,
  `Productos` int(11) DEFAULT NULL,
  `ProductosProveedor` int(11) DEFAULT NULL,
  `Facturas` int(11) DEFAULT NULL,
  `Pedidos` int(11) DEFAULT NULL,
  `PedidosProductos` int(11) DEFAULT NULL,
  `Tickets` int(11) DEFAULT NULL,
  `TicketsProductos` int(11) DEFAULT NULL,
  `Sincronizado` int(11) DEFAULT NULL,
  `FechaSincronizado` longtext,
  PRIMARY KEY (`uid`)
) ENGINE=InnoDB DEFAULT CHARSET=latin1;

/*Data for the table `log_sincronizacion` */

/*Table structure for table `marcas` */

DROP TABLE IF EXISTS `marcas`;

CREATE TABLE `marcas` (
  `idMarcas` int(11) NOT NULL,
  `Marca` longtext,
  `Logo` longtext,
  `LastUpdate` longtext,
  `FechaHora` longtext,
  PRIMARY KEY (`idMarcas`)
) ENGINE=InnoDB DEFAULT CHARSET=latin1;

/*Data for the table `marcas` */

insert  into `marcas`(`idMarcas`,`Marca`,`Logo`,`LastUpdate`,`FechaHora`) values (1,'Genérico','','',''),(2,'GAMESA','','',''),(3,'3 ESTRELLAS','','',''),(4,'VERACRUZ','','',''),(5,'BIMBO','','',''),(6,'MINSA','','',''),(7,'VERDE VALLE','','',''),(8,'FUD','','',''),(9,'COLGATE','','',''),(10,'Mc. CORMICK','','',''),(11,'LA COSTEÑA','','','');

/*Table structure for table `municipio` */

DROP TABLE IF EXISTS `municipio`;

CREATE TABLE `municipio` (
  `idMunicipio` int(11) NOT NULL,
  `Municipio` longtext,
  `idEstado` int(11) NOT NULL,
  `LastUpdate` longtext,
  `FechaHora` longtext,
  PRIMARY KEY (`idMunicipio`)
) ENGINE=InnoDB DEFAULT CHARSET=latin1;

/*Data for the table `municipio` */

insert  into `municipio`(`idMunicipio`,`Municipio`,`idEstado`,`LastUpdate`,`FechaHora`) values (1,'No Definido',1,'',''),(2,'Tuxtla Gutiérrez',8,'',''),(3,'San Cristobal de las Casas',8,'','');

/*Table structure for table `nomina` */

DROP TABLE IF EXISTS `nomina`;

CREATE TABLE `nomina` (
  `idNomina` int(11) NOT NULL,
  `IMSS` longtext,
  `CURP` longtext,
  `Nombre` longtext,
  `SueldoDiario` double DEFAULT NULL,
  `Dias` int(11) DEFAULT NULL,
  `FechaHora` longtext,
  `LastUpdate` longtext,
  `Familiar` int(11) DEFAULT NULL,
  PRIMARY KEY (`idNomina`)
) ENGINE=InnoDB DEFAULT CHARSET=latin1;

/*Data for the table `nomina` */

/*Table structure for table `nomina_pagos` */

DROP TABLE IF EXISTS `nomina_pagos`;

CREATE TABLE `nomina_pagos` (
  `idNomina` int(11) NOT NULL,
  `idGasto` int(11) NOT NULL,
  `Monto` double DEFAULT NULL,
  `FechaHora` longtext,
  PRIMARY KEY (`idNomina`,`idGasto`)
) ENGINE=InnoDB DEFAULT CHARSET=latin1;

/*Data for the table `nomina_pagos` */

/*Table structure for table `productos` */

DROP TABLE IF EXISTS `productos`;

CREATE TABLE `productos` (
  `idProductos` int(11) NOT NULL,
  `idCategoria` int(11) DEFAULT NULL,
  `CodigoBarra` longtext,
  `Clave` longtext,
  `Producto` longtext,
  `Descripcion` longtext,
  `Costo` double DEFAULT NULL,
  `PVenta` double DEFAULT NULL,
  `IVA` double DEFAULT NULL,
  `TieneIVA` int(11) DEFAULT NULL,
  `idUnidadMedida` int(11) DEFAULT NULL,
  `idMarcas` int(11) DEFAULT NULL,
  `Foto` longtext,
  `FotoLocal` longtext,
  `Inventario` int(11) DEFAULT NULL,
  `PReorden` int(11) DEFAULT NULL,
  `LastUpdate` longtext,
  `FechaHora` longtext,
  `IMEI` longtext,
  PRIMARY KEY (`idProductos`)
) ENGINE=InnoDB DEFAULT CHARSET=latin1;

/*Data for the table `productos` */

insert  into `productos`(`idProductos`,`idCategoria`,`CodigoBarra`,`Clave`,`Producto`,`Descripcion`,`Costo`,`PVenta`,`IVA`,`TieneIVA`,`idUnidadMedida`,`idMarcas`,`Foto`,`FotoLocal`,`Inventario`,`PReorden`,`LastUpdate`,`FechaHora`,`IMEI`) values (1,NULL,'','TAE020','RECARGA TELCEL AMIGO $20','RECARGA TELCEL AMIGO $20',1,20,NULL,NULL,NULL,NULL,NULL,NULL,0,NULL,'2015-02-13 08:22:42','2015-02-13 08:22:42',NULL),(2,NULL,'','TAE030','RECARGA TELCEL AMIGO $30','RECARGA TELCEL AMIGO $30',1,30,NULL,NULL,NULL,NULL,NULL,NULL,0,NULL,'2015-02-13 08:22:42','2015-02-13 08:22:42',NULL),(3,NULL,'','TAE050','RECARGA TELCEL AMIGO $50','RECARGA TELCEL AMIGO $50',1,50,NULL,NULL,NULL,NULL,NULL,NULL,0,NULL,'2015-02-13 08:22:42','2015-02-13 08:22:42',NULL),(4,NULL,'','TAE100','RECARGA TELCEL AMIGO $100','RECARGA TELCEL AMIGO $100',1,100,NULL,NULL,NULL,NULL,NULL,NULL,0,NULL,'2015-02-13 08:22:42','2015-02-13 08:22:42',NULL),(5,NULL,'','TAE150','RECARGA TELCEL AMIGO $150','RECARGA TELCEL AMIGO $150',1,150,NULL,NULL,NULL,NULL,NULL,NULL,0,NULL,'2015-02-13 08:22:42','2015-02-13 08:22:42',NULL),(6,NULL,'','TAE200','RECARGA TELCEL AMIGO $200','RECARGA TELCEL AMIGO $200',1,200,NULL,NULL,NULL,NULL,NULL,NULL,0,NULL,'2015-02-13 08:22:42','2015-02-13 08:22:42',NULL),(7,NULL,'','TAE300','RECARGA TELCEL AMIGO $300','RECARGA TELCEL AMIGO $300',1,300,NULL,NULL,NULL,NULL,NULL,NULL,0,NULL,'2015-02-13 08:22:42','2015-02-13 08:22:42',NULL),(8,NULL,'','TAE500','RECARGA TELCEL AMIGO $500','RECARGA TELCEL AMIGO $500',1,500,NULL,NULL,NULL,NULL,NULL,NULL,0,NULL,'2015-02-13 08:22:42','2015-02-13 08:22:42',NULL),(9,NULL,'','MOVI010','TIEMPO AIRE MOVISTAR $10','TIEMPO AIRE MOVISTAR $10',1,10,NULL,NULL,NULL,NULL,NULL,NULL,0,NULL,'2015-02-13 08:22:42','2015-02-13 08:22:42',NULL),(10,NULL,'','MOVI020','TIEMPO AIRE MOVISTAR $20','TIEMPO AIRE MOVISTAR $20',1,20,NULL,NULL,NULL,NULL,NULL,NULL,0,NULL,'2015-02-13 08:22:42','2015-02-13 08:22:42',NULL),(11,NULL,'','MOVI030','TIEMPO AIRE MOVISTAR $30','TIEMPO AIRE MOVISTAR $30',1,30,NULL,NULL,NULL,NULL,NULL,NULL,0,NULL,'2015-02-13 08:22:42','2015-02-13 08:22:42',NULL),(12,NULL,'','MOVI050','TIEMPO AIRE MOVISTAR $50','TIEMPO AIRE MOVISTAR $50',1,50,NULL,NULL,NULL,NULL,NULL,NULL,0,NULL,'2015-02-13 08:22:42','2015-02-13 08:22:42',NULL),(13,NULL,'','MOVI060','TIEMPO AIRE MOVISTAR $60','TIEMPO AIRE MOVISTAR $60',1,60,NULL,NULL,NULL,NULL,NULL,NULL,0,NULL,'2015-02-13 08:22:42','2015-02-13 08:22:42',NULL),(14,NULL,'','MOVI0100','TIEMPO AIRE MOVISTAR $100','TIEMPO AIRE MOVISTAR $100',1,100,NULL,NULL,NULL,NULL,NULL,NULL,0,NULL,'2015-02-13 08:22:42','2015-02-13 08:22:42',NULL),(15,NULL,'','MOVI120','TIEMPO AIRE MOVISTAR $120','TIEMPO AIRE MOVISTAR $120',1,120,NULL,NULL,NULL,NULL,NULL,NULL,0,NULL,'2015-02-13 08:22:42','2015-02-13 08:22:42',NULL),(16,NULL,'','MOVI150','TIEMPO AIRE MOVISTAR $150','TIEMPO AIRE MOVISTAR $150',1,150,NULL,NULL,NULL,NULL,NULL,NULL,0,NULL,'2015-02-13 08:22:42','2015-02-13 08:22:42',NULL),(17,NULL,'','MOVI200','TIEMPO AIRE MOVISTAR $200','TIEMPO AIRE MOVISTAR $200',1,200,NULL,NULL,NULL,NULL,NULL,NULL,0,NULL,'2015-02-13 08:22:42','2015-02-13 08:22:42',NULL),(18,NULL,'','MOVI300','TIEMPO AIRE MOVISTAR $300','TIEMPO AIRE MOVISTAR $300',1,300,NULL,NULL,NULL,NULL,NULL,NULL,0,NULL,'2015-02-13 08:22:42','2015-02-13 08:22:42',NULL),(19,NULL,'','MOVI500','TIEMPO AIRE MOVISTAR $500','TIEMPO AIRE MOVISTAR $500',1,500,NULL,NULL,NULL,NULL,NULL,NULL,0,NULL,'2015-02-13 08:22:42','2015-02-13 08:22:42',NULL),(20,NULL,'','IUSACEL030','TIEMPO AIRE IUSACELL/UNEFON $30','TIEMPO AIRE IUSACELL/UNEFON $30',1,30,NULL,NULL,NULL,NULL,NULL,NULL,0,NULL,'2015-02-13 08:22:42','2015-02-13 08:22:42',NULL),(21,NULL,'','IUSACEL050','TIEMPO AIRE IUSACELL/UNEFON $50','TIEMPO AIRE IUSACELL/UNEFON $50',1,50,NULL,NULL,NULL,NULL,NULL,NULL,0,NULL,'2015-02-13 08:22:42','2015-02-13 08:22:42',NULL),(22,NULL,'','IUSACEL100','TIEMPO AIRE IUSACELL/UNEFON $100','TIEMPO AIRE IUSACELL/UNEFON $100',1,100,NULL,NULL,NULL,NULL,NULL,NULL,0,NULL,'2015-02-13 08:22:42','2015-02-13 08:22:42',NULL),(23,NULL,'','IUSACEL150','TIEMPO AIRE IUSACELL/UNEFON $150','TIEMPO AIRE IUSACELL/UNEFON $150',1,150,NULL,NULL,NULL,NULL,NULL,NULL,0,NULL,'2015-02-13 08:22:42','2015-02-13 08:22:42',NULL),(24,NULL,'','IUSACEL200','TIEMPO AIRE IUSACELL/UNEFON $200','TIEMPO AIRE IUSACELL/UNEFON $200',1,200,NULL,NULL,NULL,NULL,NULL,NULL,0,NULL,'2015-02-13 08:22:42','2015-02-13 08:22:42',NULL),(25,NULL,'','IUSACEL300','TIEMPO AIRE IUSACELL/UNEFON $300','TIEMPO AIRE IUSACELL/UNEFON $300',1,300,NULL,NULL,NULL,NULL,NULL,NULL,0,NULL,'2015-02-13 08:22:42','2015-02-13 08:22:42',NULL),(26,NULL,'','IUSACEL500','TIEMPO AIRE IUSACELL/UNEFON $500','TIEMPO AIRE IUSACELL/UNEFON $500',1,500,NULL,NULL,NULL,NULL,NULL,NULL,0,NULL,'2015-02-13 08:22:42','2015-02-13 08:22:42',NULL),(27,NULL,'','NEXTEL030','TIEMPO AIRE NEXTEL $30','TIEMPO AIRE NEXTEL $30',1,30,NULL,NULL,NULL,NULL,NULL,NULL,0,NULL,'2015-02-13 08:22:42','2015-02-13 08:22:42',NULL),(28,NULL,'','NEXTEL050','TIEMPO AIRE NEXTEL $50','TIEMPO AIRE NEXTEL $50',1,50,NULL,NULL,NULL,NULL,NULL,NULL,0,NULL,'2015-02-13 08:22:42','2015-02-13 08:22:42',NULL),(29,NULL,'','NEXTEL100','TIEMPO AIRE NEXTEL $100','TIEMPO AIRE NEXTEL $100',1,100,NULL,NULL,NULL,NULL,NULL,NULL,0,NULL,'2015-02-13 08:22:42','2015-02-13 08:22:42',NULL),(30,NULL,'','NEXTEL200','TIEMPO AIRE NEXTEL $200','TIEMPO AIRE NEXTEL $200',1,200,NULL,NULL,NULL,NULL,NULL,NULL,0,NULL,'2015-02-13 08:22:42','2015-02-13 08:22:42',NULL),(31,NULL,'','NEXTEL300','TIEMPO AIRE NEXTEL $300','TIEMPO AIRE NEXTEL $300',1,300,NULL,NULL,NULL,NULL,NULL,NULL,0,NULL,'2015-02-13 08:22:42','2015-02-13 08:22:42',NULL),(32,NULL,'','NEXTEL500','TIEMPO AIRE NEXTEL $500','TIEMPO AIRE NEXTEL $500',1,500,NULL,NULL,NULL,NULL,NULL,NULL,0,NULL,'2015-02-13 08:22:42','2015-02-13 08:22:42',NULL),(33,NULL,'---','765275','Laminas De Cultura Griega','Laminas de cultura griega',1,3,NULL,NULL,NULL,NULL,NULL,NULL,74,NULL,'2015-02-13 08:22:42','2015-02-13 08:22:42',NULL),(34,NULL,'---','38965367','Laminas de Cultura Maya','Laminas maya',1,3,NULL,NULL,NULL,NULL,NULL,NULL,62,NULL,'2015-02-13 08:22:42','2015-02-13 08:22:42',NULL),(35,NULL,'---','873653576','Laminas Cultura Mesoamerica','Laminas cultura mesoamerica',1,3,NULL,NULL,NULL,NULL,NULL,NULL,9,NULL,'2015-02-13 08:22:42','2015-02-13 08:22:42',NULL),(36,NULL,'---','7856455','Laminas Cultura Chinas','Laminas cultura chinas',1,3,NULL,NULL,NULL,NULL,NULL,NULL,51,NULL,'2015-02-13 08:22:42','2015-02-13 08:22:42',NULL),(37,NULL,'---','784633','Laminas Cultura Terasca','Laminas cultura terasca',1,3,NULL,NULL,NULL,NULL,NULL,NULL,41,NULL,'2015-02-13 08:22:42','2015-02-13 08:22:42',NULL),(38,NULL,'---','854643','Laminas romanas','Laminas romanas',1,3,NULL,NULL,NULL,NULL,NULL,NULL,10,NULL,'2015-02-13 08:22:42','2015-02-13 08:22:42',NULL),(39,NULL,'---','75468','Laminas japon','Laminas japon',1,3,NULL,NULL,NULL,NULL,NULL,NULL,38,NULL,'2015-02-13 08:22:42','2015-02-13 08:22:42',NULL),(40,NULL,'---','785736','Laminas olmeca','Laminas olmeca',1,3,NULL,NULL,NULL,NULL,NULL,NULL,67,NULL,'2015-02-13 08:22:42','2015-02-13 08:22:42',NULL),(41,NULL,'---','675753','Laminas mixteca','Laminas mixteca',1,3,NULL,NULL,NULL,NULL,NULL,NULL,36,NULL,'2015-02-13 08:22:42','2015-02-13 08:22:42',NULL),(42,NULL,'---','756748','Laminas de totoneca','Laminas de totoneca',1,3,NULL,NULL,NULL,NULL,NULL,NULL,68,NULL,'2015-02-13 08:22:42','2015-02-13 08:22:42',NULL),(43,NULL,'---','785864537','Laminas de tolteca','Laminas de tolteca',1,3,NULL,NULL,NULL,NULL,NULL,NULL,38,NULL,'2015-02-13 08:22:42','2015-02-13 08:22:42',NULL),(44,NULL,'---','2364690','Laminas de teotihuacan','Laminas de teotihuacan',1,3,NULL,NULL,NULL,NULL,NULL,NULL,40,NULL,'2015-02-13 08:22:42','2015-02-13 08:22:42',NULL),(45,NULL,'---','675754','Laminas de Cultura Huesteca','Laminas de cultura huesteca',1,3,NULL,NULL,NULL,NULL,NULL,NULL,68,NULL,'2015-02-13 08:22:42','2015-02-13 08:22:42',NULL),(46,NULL,'---','6t6747','Laminas De Chiles','Laminas de chiles',1,3,NULL,NULL,NULL,NULL,NULL,NULL,34,NULL,'2015-02-13 08:22:42','2015-02-13 08:22:42',NULL),(47,NULL,'---','785864','Laminas del estados de chiapas','Laminas del estados de chiapas',1,3,NULL,NULL,NULL,NULL,NULL,NULL,7,NULL,'2015-02-13 08:22:42','2015-02-13 08:22:42',NULL),(48,NULL,'---','654753','Laminas de Conquistas De Mexico','Laminas de conquistas de mexico',1,3,NULL,NULL,NULL,NULL,NULL,NULL,54,NULL,'2015-02-13 08:22:42','2015-02-13 08:22:42',NULL),(49,NULL,'---','8756847','Laminas cultura zapotecas','Laminas cultura zapotecas',1,3,NULL,NULL,NULL,NULL,NULL,NULL,35,NULL,'2015-02-13 08:22:42','2015-02-13 08:22:42',NULL),(50,NULL,'---','78664','Laminas el conejos y sus derivados','Laminas el conejos y sus derivados',1,3,NULL,NULL,NULL,NULL,NULL,NULL,25,NULL,'2015-02-13 08:22:42','2015-02-13 08:22:42',NULL),(51,NULL,'---','76785864','Laminas De Comunidad Urbana y Rural','Laminas de comunidad urbana y rural',1,3,NULL,NULL,NULL,NULL,NULL,NULL,32,NULL,'2015-02-13 08:22:42','2015-02-13 08:22:42',NULL),(52,NULL,'---','67576457','Contelaciones Zodiacales','contelaciones zodiacales',9,12,NULL,NULL,NULL,NULL,NULL,NULL,11,NULL,'2015-02-13 08:22:42','2015-02-13 08:22:42',NULL),(53,NULL,'---','6754753','Laminas de la cruz roja','Laminas de la cruz roja',1,3,NULL,NULL,NULL,NULL,NULL,NULL,55,NULL,'2015-02-13 08:22:42','2015-02-13 08:22:42',NULL),(54,NULL,'---','786856367','Laminas cid. compeador','Laminas cid. compeador',1,3,NULL,NULL,NULL,NULL,NULL,NULL,12,NULL,'2015-02-13 08:22:42','2015-02-13 08:22:42',NULL),(55,NULL,'---','865645','Laminas de Consumacion de la Industria De Mexico','Laminas de consumacion de la industria de mexico',1,3,NULL,NULL,NULL,NULL,NULL,NULL,61,NULL,'2015-02-13 08:22:42','2015-02-13 08:22:42',NULL),(56,NULL,'---','7545357','Laminas del cuerpo humano','Laminas del cuerpo humano',1,3,NULL,NULL,NULL,NULL,NULL,NULL,23,NULL,'2015-02-13 08:22:42','2015-02-13 08:22:42',NULL),(57,NULL,'---','8765864','Laminas del año invierno','Laminas del año invierno',1,3,NULL,NULL,NULL,NULL,NULL,NULL,30,NULL,'2015-02-13 08:22:42','2015-02-13 08:22:42',NULL),(58,NULL,'---','6767453','Laminas de las estaciones de verano','Laminas de las estaciones de verano',1,3,NULL,NULL,NULL,NULL,NULL,NULL,17,NULL,'2015-02-13 08:22:42','2015-02-13 08:22:42',NULL),(59,NULL,'---','6567453','Laminas  De Estaciones Del Año Invierno','Laminas  de estaciones del año invierno',1,3,NULL,NULL,NULL,NULL,NULL,NULL,3,NULL,'2015-02-13 08:22:42','2015-02-13 08:22:42',NULL),(60,NULL,'---','65763785','Laminas de la explocion demografica','Laminas de la explocion demografica',1,3,NULL,NULL,NULL,NULL,NULL,NULL,67,NULL,'2015-02-13 08:22:42','2015-02-13 08:22:42',NULL),(61,NULL,'---','7678542','Laminas de las energia','Laminas de las energia',1,3,NULL,NULL,NULL,NULL,NULL,NULL,44,NULL,'2015-02-13 08:22:42','2015-02-13 08:22:42',NULL),(62,NULL,'---','67567435','Laminas de los diferentes tipos de energia','Laminas de los diferentes tipos de energia',1,3,NULL,NULL,NULL,NULL,NULL,NULL,96,NULL,'2015-02-13 08:22:42','2015-02-13 08:22:42',NULL),(63,NULL,'---','76578546','Laminas de los elementos quimicos','Laminas de los elementos quimicos',1,3,NULL,NULL,NULL,NULL,NULL,NULL,74,NULL,'2015-02-13 08:22:42','2015-02-13 08:22:42',NULL),(64,NULL,'---','786854','Laminas del escudo de la republica mexicana','Laminas del escudo de la republica mexicana',1,3,NULL,NULL,NULL,NULL,NULL,NULL,64,NULL,'2015-02-13 08:22:42','2015-02-13 08:22:42',NULL),(65,NULL,'---','7856433','Laminas de la erosion','Laminas de la erosion',1,3,NULL,NULL,NULL,NULL,NULL,NULL,69,NULL,'2015-02-13 08:22:42','2015-02-13 08:22:42',NULL),(66,NULL,'---','858645','Laminas del embarazo origen de la vida humana','Laminas del embarazo origen de la vida humana',1,3,NULL,NULL,NULL,NULL,NULL,NULL,27,NULL,'2015-02-13 08:22:42','2015-02-13 08:22:42',NULL),(67,NULL,'---','6756743','Laminas enfermedades producidos por la  contaminacion ambiental','Laminas enfermedades producidos por la  contaminacion ambiental',1,3,NULL,NULL,NULL,NULL,NULL,NULL,48,NULL,'2015-02-13 08:22:42','2015-02-13 08:22:42',NULL),(68,NULL,'---','76645','Laminas enfermedades y vacunos','Laminas enfermedades y vacunos',1,3,NULL,NULL,NULL,NULL,NULL,NULL,16,NULL,'2015-02-13 08:22:42','2015-02-13 08:22:42',NULL),(69,NULL,'---','576456','Laminas enfermedades venereos','Laminas enfermedades venereos',1,3,NULL,NULL,NULL,NULL,NULL,NULL,59,NULL,'2015-02-13 08:22:42','2015-02-13 08:22:42',NULL),(70,NULL,'---','5674573','Laminas secundaria mezozoica','Laminas secundaria mezozoica',1,3,NULL,NULL,NULL,NULL,NULL,NULL,10,NULL,'2015-02-13 08:22:42','2015-02-13 08:22:42',NULL),(71,NULL,'---','7647453','Laminas era primoria paleozoica','Laminas era primoria paleozoica',1,3,NULL,NULL,NULL,NULL,NULL,NULL,69,NULL,'2015-02-13 08:22:42','2015-02-13 08:22:42',NULL),(72,NULL,'---','67564737','Laminas de mesolitica y neolitica','Laminas de mesolitica y neolitica',1,3,NULL,NULL,NULL,NULL,NULL,NULL,26,NULL,'2015-02-13 08:22:42','2015-02-13 08:22:42',NULL),(73,NULL,'---','8554564','Laminas era paleozorca y mesozoica','Laminas era paleozorca y mesozoica',1,3,NULL,NULL,NULL,NULL,NULL,NULL,18,NULL,'2015-02-13 08:22:42','2015-02-13 08:22:42',NULL),(74,NULL,'---','8465674','Laminas de Epocaterciarias','Laminas de epocaterciarias',1,3,NULL,NULL,NULL,NULL,NULL,NULL,50,NULL,'2015-02-13 08:22:42','2015-02-13 08:22:42',NULL),(75,NULL,'---','67574333','Laminas de Era Cuaternerio','Laminas de era cuaternerio',1,3,NULL,NULL,NULL,NULL,NULL,NULL,74,NULL,'2015-02-13 08:22:42','2015-02-13 08:22:42',NULL),(76,NULL,'---','7865875','Laminas de Edad de los Metales','Laminas de edad de los metales',1,3,NULL,NULL,NULL,NULL,NULL,NULL,93,NULL,'2015-02-13 08:22:42','2015-02-13 08:22:42',NULL),(77,NULL,'---','564533','Laminas de Edad Antigua','Laminas de edad antigua',1,3,NULL,NULL,NULL,NULL,NULL,NULL,7,NULL,'2015-02-13 08:22:42','2015-02-13 08:22:42',NULL),(78,NULL,'---','6576473','Laminas de Epoca Moderna','Laminas de epoca moderna',1,3,NULL,NULL,NULL,NULL,NULL,NULL,18,NULL,'2015-02-13 08:22:42','2015-02-13 08:22:42',NULL),(79,NULL,'---','7867443','Laminas de Edad Media (los chuzados)','Laminas de edad media (los chuzados)',1,3,NULL,NULL,NULL,NULL,NULL,NULL,40,NULL,'2015-02-13 08:22:42','2015-02-13 08:22:42',NULL),(80,NULL,'---','86567453','Laminas  de epocas paleolitica(edad de piedra)','Laminas  de epocas paleolitica(edad de piedra)',1,3,NULL,NULL,NULL,NULL,NULL,NULL,53,NULL,'2015-02-13 08:22:42','2015-02-13 08:22:42',NULL),(81,NULL,'---','6567457','Laminas del encuentro de 2 cultilvos (500años)','Laminas del encuentro de 2 cultilvos (500años)',1,3,NULL,NULL,NULL,NULL,NULL,NULL,15,NULL,'2015-02-13 08:22:42','2015-02-13 08:22:42',NULL),(82,NULL,'---','86785564','Laminas de Ecologia','Laminas de ecologia',1,3,NULL,NULL,NULL,NULL,NULL,NULL,50,NULL,'2015-02-13 08:22:42','2015-02-13 08:22:42',NULL),(83,NULL,'---','7657643','Laminas de los eclipses','Laminas de los eclipses',1,3,NULL,NULL,NULL,NULL,NULL,NULL,41,NULL,'2015-02-13 08:22:42','2015-02-13 08:22:42',NULL),(84,NULL,'---','56674583','Laminas de Ecosistemas Mexicanos','Laminas de ecosistemas mexicanos',1,3,NULL,NULL,NULL,NULL,NULL,NULL,15,NULL,'2015-02-13 08:22:42','2015-02-13 08:22:42',NULL),(85,NULL,'---','6545353','Laminas del esqueletos','Laminas del esqueletos',1,3,NULL,NULL,NULL,NULL,NULL,NULL,23,NULL,'2015-02-13 08:22:42','2015-02-13 08:22:42',NULL),(86,NULL,'---','457544632','Laminas de la electricidad','Laminas de la electricidad',1,3,NULL,NULL,NULL,NULL,NULL,NULL,48,NULL,'2015-02-13 08:22:42','2015-02-13 08:22:42',NULL),(87,NULL,'---','74535232','Laminas de Emiliano Zapata','Laminas de emiliano zapata',1,3,NULL,NULL,NULL,NULL,NULL,NULL,57,NULL,'2015-02-13 08:22:42','2015-02-13 08:22:42',NULL),(88,NULL,'---','76575443','Laminas de Educacion Sexual','Laminas de educacion sexual',1,3,NULL,NULL,NULL,NULL,NULL,NULL,8,NULL,'2015-02-13 08:22:42','2015-02-13 08:22:42',NULL),(89,NULL,'---','5743475','Laminas de Diferentes Tipos De Suelos','Laminas de diferentes tipos de suelos',1,3,NULL,NULL,NULL,NULL,NULL,NULL,63,NULL,'2015-02-13 08:22:42','2015-02-13 08:22:42',NULL),(90,NULL,'---','3876453285','Laminas del dia y en la noche','Laminas del dia y  la noche',1,3,NULL,NULL,NULL,NULL,NULL,NULL,20,NULL,'2015-02-13 08:22:42','2015-02-13 08:22:42',NULL),(91,NULL,'---','2364562','Laminas de mexico y el alfabeto de la escuela elemental','Laminas de mexico y el alfabeto de la escuela elemental',1,3,NULL,NULL,NULL,NULL,NULL,NULL,19,NULL,'2015-02-13 08:22:42','2015-02-13 08:22:42',NULL),(92,NULL,'---','6476545','Laminas de la enseñanza en mexico','Laminas de la enseñanza en mexico',1,3,NULL,NULL,NULL,NULL,NULL,NULL,7,NULL,'2015-02-13 08:22:42','2015-02-13 08:22:42',NULL),(93,NULL,'---','655743','Laminas de la Educacion Vial','Laminas de la educacion vial',1,3,NULL,NULL,NULL,NULL,NULL,NULL,36,NULL,'2015-02-13 08:22:42','2015-02-13 08:22:42',NULL),(94,NULL,'---','87686453','Laminas de las sabines','Laminas de las sabanas',1,3,NULL,NULL,NULL,NULL,NULL,NULL,34,NULL,'2015-02-13 08:22:42','2015-02-13 08:22:42',NULL),(95,NULL,'---','765764545','Laminas del sol','Laminas del sol',1,3,NULL,NULL,NULL,NULL,NULL,NULL,31,NULL,'2015-02-13 08:22:42','2015-02-13 08:22:42',NULL),(96,NULL,'---','75685473','Laminas de los satelites','Laminas de los satelites',1,3,NULL,NULL,NULL,NULL,NULL,NULL,24,NULL,'2015-02-13 08:22:42','2015-02-13 08:22:42',NULL),(97,NULL,'---','5674563','Laminas del sistemas solar y las galaxias','Laminas del sistemas solar y las galaxias',1,3,NULL,NULL,NULL,NULL,NULL,NULL,15,NULL,'2015-02-13 08:22:42','2015-02-13 08:22:42',NULL),(98,NULL,'---','45634254','Laminas de obros del ranacimientos','Laminas de obros del ranacimientos',1,3,NULL,NULL,NULL,NULL,NULL,NULL,60,NULL,'2015-02-13 08:22:42','2015-02-13 08:22:42',NULL),(99,NULL,'---','5465342','Laminas de renacimientos en italia','Laminas de renacimientos en italia',1,3,NULL,NULL,NULL,NULL,NULL,NULL,9,NULL,'2015-02-13 08:22:42','2015-02-13 08:22:42',NULL),(100,NULL,'---','76547545','Laminas de romanticismo','Laminas de romanticismo',1,3,NULL,NULL,NULL,NULL,NULL,NULL,45,NULL,'2015-02-13 08:22:42','2015-02-13 08:22:42',NULL),(101,NULL,'---','5745342345','Laminas el soldado y sus actividades','Laminas el soldado y sus actividades',1,3,NULL,NULL,NULL,NULL,NULL,NULL,55,NULL,'2015-02-13 08:22:42','2015-02-13 08:22:42',NULL),(102,NULL,'---','65674532','Lamina del sitemas de nervioso','Lamina del sitemas de nervioso',1,3,NULL,NULL,NULL,NULL,NULL,NULL,22,NULL,'2015-02-13 08:22:42','2015-02-13 08:22:42',NULL),(103,NULL,'---','7454341','Laminas del Sistemas  oseo','Laminas del sistemas oseo',1,3,NULL,NULL,NULL,NULL,NULL,NULL,41,NULL,'2015-02-13 08:22:42','2015-02-13 08:22:42',NULL),(104,NULL,'---','675574','Laminas del sistemas locomotor','Laminas del sistemas locomotor',1,3,NULL,NULL,NULL,NULL,NULL,NULL,27,NULL,'2015-02-13 08:22:42','2015-02-13 08:22:42',NULL),(105,NULL,'---','4754643','Laminas del sistemas enduerino','Laminas del sistemas enduerino',1,3,NULL,NULL,NULL,NULL,NULL,NULL,41,NULL,'2015-02-13 08:22:42','2015-02-13 08:22:42',NULL),(106,NULL,'---','45853','Laminas del sida vih','Laminas del sida vih',1,3,NULL,NULL,NULL,NULL,NULL,NULL,38,NULL,'2015-02-13 08:22:42','2015-02-13 08:22:42',NULL),(107,NULL,'---','6547343','Laminas del sentido de la vista','Laminas del sentido de la vista',1,3,NULL,NULL,NULL,NULL,NULL,NULL,29,NULL,'2015-02-13 08:22:42','2015-02-13 08:22:42',NULL),(108,NULL,'---','5687845','Laminas de los sentidos del tacto','Laminas de los sentidos del tacto',1,3,NULL,NULL,NULL,NULL,NULL,NULL,17,NULL,'2015-02-13 08:22:42','2015-02-13 08:22:42',NULL),(109,NULL,'---','7678563','Laminas de los sentidos del olfato','Laminas de los sentidos del olfato',1,3,NULL,NULL,NULL,NULL,NULL,NULL,38,NULL,'2015-02-13 08:22:42','2015-02-13 08:22:42',NULL),(110,NULL,'---','6576485','Laminas de los sentidos del oido','Laminas de los sentidos del oido',1,3,NULL,NULL,NULL,NULL,NULL,NULL,42,NULL,'2015-02-13 08:22:42','2015-02-13 08:22:42',NULL),(111,NULL,'---','6578453','Laminas de los sentidos del gusto','Laminas de los sentidos del gusto',1,3,NULL,NULL,NULL,NULL,NULL,NULL,17,NULL,'2015-02-13 08:22:42','2015-02-13 08:22:42',NULL),(112,NULL,'---','56675832','Laminas de las regiones naturales','Laminas de las regiones naturales',1,3,NULL,NULL,NULL,NULL,NULL,NULL,6,NULL,'2015-02-13 08:22:42','2015-02-13 08:22:42',NULL),(113,NULL,'---','6757584','Laminas de la revolucion agricola','Laminas de la revolucion agricola',1,3,NULL,NULL,NULL,NULL,NULL,NULL,38,NULL,'2015-02-13 08:22:42','2015-02-13 08:22:42',NULL),(114,NULL,'---','8767855','Laminas de las razas humanos','Laminas de las razas humanos',1,3,NULL,NULL,NULL,NULL,NULL,NULL,50,NULL,'2015-02-13 08:22:42','2015-02-13 08:22:42',NULL),(115,NULL,'---','6574651','Laminas de los rios','Laminas de los rios',1,3,NULL,NULL,NULL,NULL,NULL,NULL,46,NULL,'2015-02-13 08:22:42','2015-02-13 08:22:42',NULL),(116,NULL,'---','654853','Laminas de las rocas','Laminas de las rocas',1,3,NULL,NULL,NULL,NULL,NULL,NULL,53,NULL,'2015-02-13 08:22:42','2015-02-13 08:22:42',NULL),(117,NULL,'---','5475563','Laminas 5 Reynos De los Seres Vivos','Laminas 5 reynos de los seres vivos',1,3,NULL,NULL,NULL,NULL,NULL,NULL,78,NULL,'2015-02-13 08:22:42','2015-02-13 08:22:42',NULL),(118,NULL,'---','7654568753','Laminas de las religiones','Laminas de las religiones',1,3,NULL,NULL,NULL,NULL,NULL,NULL,63,NULL,'2015-02-13 08:22:42','2015-02-13 08:22:42',NULL),(119,NULL,'---','65784563','Laminas de rozos conimas','Laminas de rozos conimas',1,3,NULL,NULL,NULL,NULL,NULL,NULL,35,NULL,'2015-02-13 08:22:42','2015-02-13 08:22:42',NULL),(120,NULL,'---','76857458','Laminas del reyno vegetal','Laminas del reyno vegetal',1,3,NULL,NULL,NULL,NULL,NULL,NULL,55,NULL,'2015-02-13 08:22:42','2015-02-13 08:22:42',NULL),(121,NULL,'---','644352751','Laminas de la reproduccion de las plantas','Laminas de la reproduccion de las plantas',1,3,NULL,NULL,NULL,NULL,NULL,NULL,34,NULL,'2015-02-13 08:22:42','2015-02-13 08:22:42',NULL),(122,NULL,'---','65943583','Laminas de la reproduccion de los seres','Laminas de la reproduccion de los seres',1,3,NULL,NULL,NULL,NULL,NULL,NULL,24,NULL,'2015-02-13 08:22:42','2015-02-13 08:22:42',NULL),(123,NULL,'---','86576538','Laminas de la revolucion rusa','Laminas de la revolucion rusa',1,3,NULL,NULL,NULL,NULL,NULL,NULL,29,NULL,'2015-02-13 08:22:42','2015-02-13 08:22:42',NULL),(124,NULL,'---','86596453','Laminas de la revolucion indusrial','Laminas de la revolucion indusrial',1,3,NULL,NULL,NULL,NULL,NULL,NULL,38,NULL,'2015-02-13 08:22:42','2015-02-13 08:22:42',NULL),(125,NULL,'---','659453','Laminas de la revolucion francesa','Laminas de la revolucion francesa',1,3,NULL,NULL,NULL,NULL,NULL,NULL,27,NULL,'2015-02-13 08:22:42','2015-02-13 08:22:42',NULL),(126,NULL,'---','68476353','Laminas de la raiz','Laminas de la raiz',1,3,NULL,NULL,NULL,NULL,NULL,NULL,38,NULL,'2015-02-13 08:22:42','2015-02-13 08:22:42',NULL),(127,NULL,'---','86593753','Laminas metomorfosis de la rona','Laminas metomorfosis de la rona',1,3,NULL,NULL,NULL,NULL,NULL,NULL,59,NULL,'2015-02-13 08:22:42','2015-02-13 08:22:42',NULL),(128,NULL,'---','5764346','Laminas de reyno animal','Laminas de reyno animal',1,3,NULL,NULL,NULL,NULL,NULL,NULL,9,NULL,'2015-02-13 08:22:42','2015-02-13 08:22:42',NULL),(129,NULL,'---','54764853','Laminas de relieve terrestres','Laminas de relieve terrestres',1,3,NULL,NULL,NULL,NULL,NULL,NULL,35,NULL,'2015-02-13 08:22:42','2015-02-13 08:22:42',NULL),(130,NULL,'---','5465321','Laminas de La Rabia (hidrofobia)','Laminas de La rabia (hidrofobia)',1,3,NULL,NULL,NULL,NULL,NULL,NULL,26,NULL,'2015-02-13 08:22:42','2015-02-13 08:22:42',NULL),(131,NULL,'---','685673','Laminas de los reptiles','Laminas de los reptiles',1,3,NULL,NULL,NULL,NULL,NULL,NULL,55,NULL,'2015-02-13 08:22:42','2015-02-13 08:22:42',NULL),(132,NULL,'---','86567943','Laminas de los recursos naturales de mexico','Laminas de los recursos naturales de mexico',1,3,NULL,NULL,NULL,NULL,NULL,NULL,55,NULL,'2015-02-13 08:22:42','2015-02-13 08:22:42',NULL),(133,NULL,'---','5964573','Laminas las contra reforma','Laminas las contra reforma',1,3,NULL,NULL,NULL,NULL,NULL,NULL,7,NULL,'2015-02-13 08:22:42','2015-02-13 08:22:42',NULL),(134,NULL,'---','5476546','Laminas de reforma y contra reforma','Laminas de reforma y contra reforma',1,3,NULL,NULL,NULL,NULL,NULL,NULL,59,NULL,'2015-02-13 08:22:42','2015-02-13 08:22:42',NULL),(135,NULL,'---','65674522','Laminas el realismo','Laminas el realismo',1,3,NULL,NULL,NULL,NULL,NULL,NULL,32,NULL,'2015-02-13 08:22:42','2015-02-13 08:22:42',NULL),(136,NULL,'---','85736242','Laminas de recursos naturales','renovables y no renovables',1,3,NULL,NULL,NULL,NULL,NULL,NULL,55,NULL,'2015-02-13 08:22:42','2015-02-13 08:22:42',NULL),(137,NULL,'---','4586342','Laminas de porfirio diaz','en la intervencion francesa',1,3,NULL,NULL,NULL,NULL,NULL,NULL,16,NULL,'2015-02-13 08:22:42','2015-02-13 08:22:42',NULL),(138,NULL,'---','576843','Laminas de la quimica organica','Laminas de la quimica organica',1,3,NULL,NULL,NULL,NULL,NULL,NULL,33,NULL,'2015-02-13 08:22:42','2015-02-13 08:22:42',NULL),(139,NULL,'---','685674','Laminas de la revolucion mercantil','Laminas de la revolucion mercantil',1,3,NULL,NULL,NULL,NULL,NULL,NULL,18,NULL,'2015-02-13 08:22:42','2015-02-13 08:22:42',NULL),(140,NULL,'---','75843563','Laminas de los centenarios de la revolucion mexicana','Laminas de los centenarios de la revolucion mexicana',1,3,NULL,NULL,NULL,NULL,NULL,NULL,23,NULL,'2015-02-13 08:22:42','2015-02-13 08:22:42',NULL),(141,NULL,'---','56674853','Laminas de los postizales','Laminas de los postizales',1,3,NULL,NULL,NULL,NULL,NULL,NULL,46,NULL,'2015-02-13 08:22:42','2015-02-13 08:22:42',NULL),(142,NULL,'---','4653742','Laminas de la pradera','Laminas de la pradera',1,3,NULL,NULL,NULL,NULL,NULL,NULL,41,NULL,'2015-02-13 08:22:42','2015-02-13 08:22:42',NULL),(143,NULL,'---','58753632','Laminas de la revolucion mexicana','Laminas de la revolucion mexicana',1,3,NULL,NULL,NULL,NULL,NULL,NULL,33,NULL,'2015-02-13 08:22:42','2015-02-13 08:22:42',NULL),(144,NULL,'---','65764583','Laminas del presidente de mexico','Laminas del presidente de mexico',1,3,NULL,NULL,NULL,NULL,NULL,NULL,84,NULL,'2015-02-13 08:22:42','2015-02-13 08:22:42',NULL),(145,NULL,'---','7670859753','Laminas de la prostitucion','Laminas de la prostitucion',1,3,NULL,NULL,NULL,NULL,NULL,NULL,47,NULL,'2015-02-13 08:22:42','2015-02-13 08:22:42',NULL),(146,NULL,'---','6893732','Laminas del petroleo mexicano','Laminas del petroleo mexicano',1,3,NULL,NULL,NULL,NULL,NULL,NULL,8,NULL,'2015-02-13 08:22:42','2015-02-13 08:22:42',NULL),(147,NULL,'---','78569453','Laminas del petroleo y sus derivados','Laminas del petroleo y sus derivados',1,3,NULL,NULL,NULL,NULL,NULL,NULL,40,NULL,'2015-02-13 08:22:42','2015-02-13 08:22:42',NULL),(148,NULL,'---','79654533','Laminas de la industria petrolera','Laminas de la industria petrolera',1,3,NULL,NULL,NULL,NULL,NULL,NULL,21,NULL,'2015-02-13 08:22:42','2015-02-13 08:22:42',NULL),(149,NULL,'---','7657649','laminas de los partidos politicos','laminas de los partidos politicos',1,3,NULL,NULL,NULL,NULL,NULL,NULL,43,NULL,'2015-02-13 08:22:42','2015-02-13 08:22:42',NULL),(150,NULL,'---','4345477','Laminas De Granos,Cereales y Plantas','Laminas De Granos,Cereales y Plantas',1,3,NULL,NULL,NULL,NULL,NULL,NULL,22,NULL,'2015-02-13 08:22:42','2015-02-13 08:22:42',NULL),(151,NULL,'---','876875','laminas de las plantas','laminas de las plantas',1,3,NULL,NULL,NULL,NULL,NULL,NULL,64,NULL,'2015-02-13 08:22:42','2015-02-13 08:22:42',NULL),(152,NULL,'---','65445687','laminas de usos industrial','laminas de usos industrial',1,3,NULL,NULL,NULL,NULL,NULL,NULL,41,NULL,'2015-02-13 08:22:42','2015-02-13 08:22:42',NULL),(153,NULL,'---','43443452','laminas de plantas medicinales','laminas de plantas medicinales',1,3,NULL,NULL,NULL,NULL,NULL,NULL,18,NULL,'2015-02-13 08:22:42','2015-02-13 08:22:42',NULL),(154,NULL,'---','786585573','Laminas de la Industria Electrica de Mexico','laminas de la industria electrica de mexico',1,3,NULL,NULL,NULL,NULL,NULL,NULL,41,NULL,'2015-02-13 08:22:42','2015-02-13 08:22:42',NULL),(155,NULL,'---','54643445','laminas de los insectos','laminas de los insectos',1,3,NULL,NULL,NULL,NULL,NULL,NULL,53,NULL,'2015-02-13 08:22:42','2015-02-13 08:22:42',NULL),(156,NULL,'---','67575442','laminas de los heroes de la independencia','laminas de los heroes de la independencia',1,3,NULL,NULL,NULL,NULL,NULL,NULL,10,NULL,'2015-02-13 08:22:42','2015-02-13 08:22:42',NULL),(157,NULL,'---','65746423','Laminas de la Industria Vitinicolas','laminas de la industria vitinicolas',1,3,NULL,NULL,NULL,NULL,NULL,NULL,31,NULL,'2015-02-13 08:22:42','2015-02-13 08:22:42',NULL),(158,NULL,'---','7658564','laminas de los heroes de la independencia','laminas de los heroes de la independencia',1,3,NULL,NULL,NULL,NULL,NULL,NULL,26,NULL,'2015-02-13 08:22:42','2015-02-13 08:22:42',NULL),(159,NULL,'---','767855','laminas de los hebreos','laminas de los hebreos',1,3,NULL,NULL,NULL,NULL,NULL,NULL,98,NULL,'2015-02-13 08:22:42','2015-02-13 08:22:42',NULL),(160,NULL,'---','6585764','laminas del himno a chiapas','laminas del himno a chiapas',1,3,NULL,NULL,NULL,NULL,NULL,NULL,53,NULL,'2015-02-13 08:22:42','2015-02-13 08:22:42',NULL),(161,NULL,'---','7657453','laminas del origenes del hombre americano','laminas del origenes del hombre americano',1,3,NULL,NULL,NULL,NULL,NULL,NULL,31,NULL,'2015-02-13 08:22:42','2015-02-13 08:22:42',NULL),(162,NULL,'---','78568453','Lamina De la America En la Prehistoria','lamina de la america en la prehistoria',1,3,NULL,NULL,NULL,NULL,NULL,NULL,12,NULL,'2015-02-13 08:22:42','2015-02-13 08:22:42',NULL),(163,NULL,'---','767442','laminas del himno nacional','laminas del himno nacional',1,3,NULL,NULL,NULL,NULL,NULL,NULL,19,NULL,'2015-02-13 08:22:42','2015-02-13 08:22:42',NULL),(164,NULL,'---','768757563','Lamina De Industria Petroquimica','lamina de industria petroquimica',1,3,NULL,NULL,NULL,NULL,NULL,NULL,19,NULL,'2015-02-13 08:22:42','2015-02-13 08:22:42',NULL),(165,NULL,'---','67786545','laminas del  hombre primitivo','laminas del  hombre primitivo',1,3,NULL,NULL,NULL,NULL,NULL,NULL,3,NULL,'2015-02-13 08:22:42','2015-02-13 08:22:42',NULL),(166,NULL,'---','676534','Laminas Botanicas De Las Hojas','laminas botanicas de las hojas',1,3,NULL,NULL,NULL,NULL,NULL,NULL,41,NULL,'2015-02-13 08:22:42','2015-02-13 08:22:42',NULL),(167,NULL,'---','767554','Laminas de la Historia del Ferrocaril','historia del ferrocaril',1,3,NULL,NULL,NULL,NULL,NULL,NULL,46,NULL,'2015-02-13 08:22:42','2015-02-13 08:22:42',NULL),(168,NULL,'---','5745389','Laminas de la Historia Quimica','HISTORIA DE LA QUIMICA',1,3,NULL,NULL,NULL,NULL,NULL,NULL,35,NULL,'2015-02-13 08:22:42','2015-02-13 08:22:42',NULL),(169,NULL,'---','8765453','LAMINAS DE LOS HONGOS','LAMINAS DE LOS HONGOS',1,3,NULL,NULL,NULL,NULL,NULL,NULL,8,NULL,'2015-02-13 08:22:42','2015-02-13 08:22:42',NULL),(170,NULL,'---','87896784','LAMINAS DE LAS HORMIGAS','LAMINAS DE LAS HORMIGAS',1,3,NULL,NULL,NULL,NULL,NULL,NULL,29,NULL,'2015-02-13 08:22:42','2015-02-13 08:22:42',NULL),(171,NULL,'---','989775','LAMINAS DE LOS HERVIBOROS','LAMINAS DE LOS HERVIBOROS',1,3,NULL,NULL,NULL,NULL,NULL,NULL,40,NULL,'2015-02-13 08:22:42','2015-02-13 08:22:42',NULL),(172,NULL,'---','678546','LAMINAS PARA EL MURALISMO','LAMINAS PARA EL MURALISMO',1,3,NULL,NULL,NULL,NULL,NULL,NULL,38,NULL,'2015-02-13 08:22:42','2015-02-13 08:22:42',NULL),(173,NULL,'---','7678553','LAMINAS PARA MINERALES','LAMINAS PARA MINERALES',1,3,NULL,NULL,NULL,NULL,NULL,NULL,40,NULL,'2015-02-13 08:22:42','2015-02-13 08:22:42',NULL),(174,NULL,'---','76875446','LAMINAS PARA EL MAGNETISMO','LAMINAS PARA EL MAGNETISMO',1,3,NULL,NULL,NULL,NULL,NULL,NULL,38,NULL,'2015-02-13 08:22:42','2015-02-13 08:22:42',NULL),(175,NULL,'---','7687553','LAMINAS PARA LA CONSTRUCCION','LAMINAS PARA LA CONSTRUCCION',1,3,NULL,NULL,NULL,NULL,NULL,NULL,25,NULL,'2015-02-13 08:22:42','2015-02-13 08:22:42',NULL),(176,NULL,'08931053','','calculadora de bolsillo 8digitos','calculadora de bolsillo 8digitos',13,22,NULL,NULL,NULL,NULL,NULL,NULL,2,NULL,'2015-02-22 13:17:19','2015-02-22 13:17:19',NULL),(177,NULL,'---','76875435','Laminas De la Madera Y Sus Derivados','LAMINAS DE LA MADERA Y SUS DERIVADOS',1,3,NULL,NULL,NULL,NULL,NULL,NULL,26,NULL,'2015-02-13 08:22:42','2015-02-13 08:22:42',NULL),(178,NULL,'---','768563','LAMINAS DE LAS MARAVILLAS ANTIGUAS','QUE A UN PODEMOS CONTEPLAR',1,3,NULL,NULL,NULL,NULL,NULL,NULL,7,NULL,'2015-02-13 08:22:42','2015-02-13 08:22:42',NULL),(179,NULL,'---','765340','Laminas de la Planificacion Familiar','LAMINAS DE LA PLANIFICACION FAMILIAR',1,3,NULL,NULL,NULL,NULL,NULL,NULL,25,NULL,'2015-02-13 08:22:42','2015-02-13 08:22:42',NULL),(180,NULL,'---','675432','LAMINAS DE LOS PINTORES','LAMINAS DE LOS PINTORES',1,3,NULL,NULL,NULL,NULL,NULL,NULL,34,NULL,'2015-02-13 08:22:42','2015-02-13 08:22:42',NULL),(181,NULL,'---','7687563','LAMINAS DEL PARTO','LAMINAS DEL PARTO',1,3,NULL,NULL,NULL,NULL,NULL,NULL,40,NULL,'2015-02-13 08:22:42','2015-02-13 08:22:42',NULL),(182,NULL,'---','8678976564','LAMINAS DE PRODUCCION AGROPECUARIA DE LA REPUBLICA MEXICANA','LAMINAS DE PRODUCCION AGROPECUARIA DE LA REPUBLICA MEXICANA',1,3,NULL,NULL,NULL,NULL,NULL,NULL,50,NULL,'2015-02-13 08:22:42','2015-02-13 08:22:42',NULL),(183,NULL,'---','78684563','LAMINAS EL CAUDILLO DEL SUR','LAMINAS EL CAUDILLO DEL SUR',1,3,NULL,NULL,NULL,NULL,NULL,NULL,37,NULL,'2015-02-13 08:22:42','2015-02-13 08:22:42',NULL),(184,NULL,'---','65744327','LAMINAS DEL PLAN DEL AGUA PRIETA','LAMINAS DEL PLAN DEL AGUA PRIETA',1,3,NULL,NULL,NULL,NULL,NULL,NULL,43,NULL,'2015-02-13 08:22:42','2015-02-13 08:22:42',NULL),(185,NULL,'---','786584','LAMINAS DE PLAN DE SAN LUIS','LAMINAS DE PLAN DE SAN LUIS',1,3,NULL,NULL,NULL,NULL,NULL,NULL,49,NULL,'2015-02-13 08:22:42','2015-02-13 08:22:42',NULL),(186,NULL,'---','24322456','LAMINAS DE PLAN DE IGUALA Y AYUTLA','LAMINAS DE  PLAN DE IGUALA Y AYUTLA',1,3,NULL,NULL,NULL,NULL,NULL,NULL,37,NULL,'2015-02-13 08:22:42','2015-02-13 08:22:42',NULL),(187,NULL,'---','152252434','LAMINAS DE LOS PLAN DE GUADALUPE','LAMINAS DE LOS PLAN DE GUADALUPE',1,3,NULL,NULL,NULL,NULL,NULL,NULL,41,NULL,'2015-02-13 08:22:42','2015-02-13 08:22:42',NULL),(188,NULL,'---','6875673','LAMINAS DE LOS PECES','LAMINAS DE LOS PECES',1,3,NULL,NULL,NULL,NULL,NULL,NULL,11,NULL,'2015-02-13 08:22:42','2015-02-13 08:22:42',NULL),(189,NULL,'---','7685454324','Lamina El Principio Arquimedez Las Poleas y Palanca Del Cuerpo Hu','EL PRINCIPIO ARQUIMEDEZ LAS POLEAS Y PALANCA DEL CUERPO HUMANO',1,3,NULL,NULL,NULL,NULL,NULL,NULL,28,NULL,'2015-02-13 08:22:42','2015-02-13 08:22:42',NULL),(190,NULL,'---','57764523','LAMINAS DE LOS PLANETAS','LAMINAS DE LOS PLANETAS',1,3,NULL,NULL,NULL,NULL,NULL,NULL,16,NULL,'2015-02-13 08:22:42','2015-02-13 08:22:42',NULL),(191,NULL,'---','654573','LAMINAS DE LA PRODUCCION AGRICOLA Y GANADERADE LA REPUBLICA MEXIC','LAMINAS DE LA PRODUCCION AGRICOLA Y GANADERA DE LA REPUBLICA MEXICANA',1,3,NULL,NULL,NULL,NULL,NULL,NULL,59,NULL,'2015-02-13 08:22:42','2015-02-13 08:22:42',NULL),(192,NULL,'---','657632','LAMINAS DEL PRIMEROS AUXILIOS','LAMINAS DEL PRIMEROS AUXILIOS',1,3,NULL,NULL,NULL,NULL,NULL,NULL,88,NULL,'2015-02-13 08:22:42','2015-02-13 08:22:42',NULL),(193,NULL,'---','6543426778','LAMINAS EL PSICOANALISIS','LAMINAS EL PSICOANALISIS',1,3,NULL,NULL,NULL,NULL,NULL,NULL,35,NULL,'2015-02-13 08:22:42','2015-02-13 08:22:42',NULL),(194,NULL,'---','5656743462','LAMINAS RUBERTAD','LAMINAS RUBERTAD',1,3,NULL,NULL,NULL,NULL,NULL,NULL,23,NULL,'2015-02-13 08:22:42','2015-02-13 08:22:42',NULL),(195,NULL,'---','3642531','LAMINAS DEL EVENTOS OLIMPICOS','LAMINAS DEL EVENTOS OLIMPICOS',1,3,NULL,NULL,NULL,NULL,NULL,NULL,9,NULL,'2015-02-13 08:22:42','2015-02-13 08:22:42',NULL),(196,NULL,'---','7687553','LAMINAS DE LAS PLACAS TECTONICAS','LAMINAS DE LAS PLACAS TECTONICAS',1,3,NULL,NULL,NULL,NULL,NULL,NULL,24,NULL,'2015-02-13 08:22:42','2015-02-13 08:22:42',NULL),(197,NULL,'---','5645373','Laminas De La Anatomia De La Paloma','LAMINAS DE LA ANATOMIA DE LA PALOMA',1,3,NULL,NULL,NULL,NULL,NULL,NULL,27,NULL,'2015-02-13 08:22:42','2015-02-13 08:22:42',NULL),(198,NULL,'---','9769753','LAMINAS DEL IMPERIO PERSA Y MEDO','LAMINAS DEL IMPERIO PERSA Y MEDO',1,3,NULL,NULL,NULL,NULL,NULL,NULL,43,NULL,'2015-02-13 08:22:42','2015-02-13 08:22:42',NULL),(199,NULL,'---','6567453','LAMINAS OMNIVOROS','LAMINAS OMNIVOROS',1,3,NULL,NULL,NULL,NULL,NULL,NULL,65,NULL,'2015-02-13 08:22:42','2015-02-13 08:22:42',NULL),(200,NULL,'---','82743874','Laminas Aumentativos y Dimisnutivo','LAMINAS AUNMENTATIVOS Y DISMINUTIVOS',1,3,NULL,NULL,NULL,NULL,NULL,NULL,8,NULL,'2015-02-13 08:22:42','2015-02-13 08:22:42',NULL),(201,NULL,'---','564753','LAMINAS DE LOS ARBOLES','LAMINAS DE LOS ARBOLES',1,3,NULL,NULL,NULL,NULL,NULL,NULL,21,NULL,'2015-02-13 08:22:42','2015-02-13 08:22:42',NULL),(202,NULL,'---','566745297','LAMINAS DEL ARROZ Y SUS DERIVADOS','LAMINAS DEL ARROZ Y SUS DERIVADOS',1,3,NULL,NULL,NULL,NULL,NULL,NULL,10,NULL,'2015-02-13 08:22:42','2015-02-13 08:22:42',NULL),(203,NULL,'---','74574322','LAMINAS DEL OTOMO','LAMINAS DEL OTOMO',1,3,NULL,NULL,NULL,NULL,NULL,NULL,53,NULL,'2015-02-13 08:22:42','2015-02-13 08:22:42',NULL),(204,NULL,'---','586463','LAMINAS DE LOS ARTROPODOS','LAMINAS DE LOS ARTROPODOS',1,3,NULL,NULL,NULL,NULL,NULL,NULL,120,NULL,'2015-02-13 08:22:42','2015-02-13 08:22:42',NULL),(205,NULL,'---','74753322','LAMINAS DE LOS ABORTOS','LAMINAS DE LOS ABORTOS',1,3,NULL,NULL,NULL,NULL,NULL,NULL,38,NULL,'2015-02-13 08:22:42','2015-02-13 08:22:42',NULL),(206,NULL,'---','6235346527','LAMINAS DE LOS ARBOLES Y SUS FRUTOS','LAMINAS DE LOS ARBOLES Y SUS FRUTOS',1,3,NULL,NULL,NULL,NULL,NULL,NULL,50,NULL,'2015-02-13 08:22:42','2015-02-13 08:22:42',NULL),(207,NULL,'---','65474753','LAMINAS DE LAS ALGAS Y LIQUE AVES','LAMINAS DE LAS ALGAS Y LIQUE AVES',1,3,NULL,NULL,NULL,NULL,NULL,NULL,37,NULL,'2015-02-13 08:22:42','2015-02-13 08:22:42',NULL),(208,NULL,'---','7578633','LAMINAS DE LOS ANFIBIOS','LAMINAS DE LOS ANFIBIOS',1,3,NULL,NULL,NULL,NULL,NULL,NULL,45,NULL,'2015-02-13 08:22:42','2015-02-13 08:22:42',NULL),(209,NULL,'---','6546352','LAMINAS DE LAS ANGIOSPERMAS','LAMINAS DE LAS ANGIOSPERMAS',1,3,NULL,NULL,NULL,NULL,NULL,NULL,29,NULL,'2015-02-13 08:22:42','2015-02-13 08:22:42',NULL),(210,NULL,'---','785854864','Laminas De Aparatos Excreptor','LAMINAS DE APARATOS EXCRETOR',1,3,NULL,NULL,NULL,NULL,NULL,NULL,107,NULL,'2015-02-13 08:22:42','2015-02-13 08:22:42',NULL),(211,NULL,'---','5475346287','Laminas De Aves De Carroña','Laminas De Aves De Carroña',1,3,NULL,NULL,NULL,NULL,NULL,NULL,43,NULL,'2015-02-13 08:22:42','2015-02-13 08:22:42',NULL),(212,NULL,'---','65864730','LAMINAS DE TRANSPORTES AEREOS','LAMINAS DE TRANSPORTES AEREOS',1,3,NULL,NULL,NULL,NULL,NULL,NULL,24,NULL,'2015-02-13 08:22:42','2015-02-13 08:22:42',NULL),(213,NULL,'---','64532689','Laminas De Excrecion','LAMINAS DE EXCRECION',1,3,NULL,NULL,NULL,NULL,NULL,NULL,7,NULL,'2015-02-13 08:22:42','2015-02-13 08:22:42',NULL),(214,NULL,'---','65788643','LAMINAS DE LOS ANTICONCEPTIVOS','LAMINAS DE LOS ANTICONCEPTIVOS',1,3,NULL,NULL,NULL,NULL,NULL,NULL,21,NULL,'2015-02-13 08:22:42','2015-02-13 08:22:42',NULL),(215,NULL,'---','45658779','Laminas De Animales Prehistorico','LAMINAS DE ANIMALES PREHISTORICO',1,3,NULL,NULL,NULL,NULL,NULL,NULL,28,NULL,'2015-02-13 08:22:42','2015-02-13 08:22:42',NULL),(216,NULL,'---','64747332','LAMINAS DEL AGUA  Y LA VIDA','LAMINAS DEL AGUA  Y LA VIDA',1,3,NULL,NULL,NULL,NULL,NULL,NULL,6,NULL,'2015-02-13 08:22:42','2015-02-13 08:22:42',NULL),(217,NULL,'---','64889895','LAMINAS DEL AGUA Y SUS PROPIEDADES','LAMINAS DEL AGUA Y SUS PROPIEDADES',1,3,NULL,NULL,NULL,NULL,NULL,NULL,74,NULL,'2015-02-13 08:22:42','2015-02-13 08:22:42',NULL),(218,NULL,'---','37478528','LAMINAS DEL DIA DEL AMOR Y LA ADMISTAD','LAMINAS DEL DIA DEL AMOR Y LA ADMISTAD',1,3,NULL,NULL,NULL,NULL,NULL,NULL,19,NULL,'2015-02-13 08:22:42','2015-02-13 08:22:42',NULL),(219,NULL,'---','5478790','Laminas De La Adsorcion','LAMINAS DE LA ADSORCION',1,3,NULL,NULL,NULL,NULL,NULL,NULL,10,NULL,'2015-02-13 08:22:42','2015-02-13 08:22:42',NULL),(220,NULL,'---','553463642','Laminas Accidentes Del Trabajo','LAMINAS ACCIDENTES DE TRABAJO',1,3,NULL,NULL,NULL,NULL,NULL,NULL,36,NULL,'2015-02-13 08:22:42','2015-02-13 08:22:42',NULL),(221,NULL,'---','6869954','Laminas De Anexion De Chiapas a mexico','LAMINAS DE ANEXION DE CHIAPAS A MEXICO',1,3,NULL,NULL,NULL,NULL,NULL,NULL,29,NULL,'2015-02-13 08:22:42','2015-02-13 08:22:42',NULL),(222,NULL,'---','537535626','LAMINAS DEL ATLETISMO','LAMINAS DEL ATLETISMO',1,3,NULL,NULL,NULL,NULL,NULL,NULL,12,NULL,'2015-02-13 08:22:42','2015-02-13 08:22:42',NULL),(223,NULL,'---','5855443','LAMINAS DEL ALCOHOLISMO','LAMINAS DEL ALCOHOLISMO',1,3,NULL,NULL,NULL,NULL,NULL,NULL,28,NULL,'2015-02-13 08:22:42','2015-02-13 08:22:42',NULL),(224,NULL,'---','653432657','LAMINAS DEL ALCOHOLISMO Y TABAQUISMO','LAMINAS DEL ALCOHOLISMO Y TABAQUISMO',1,3,NULL,NULL,NULL,NULL,NULL,NULL,7,NULL,'2015-02-13 08:22:42','2015-02-13 08:22:42',NULL),(225,NULL,'---','37647436','LAMINAS DEL CAPITALISMO','LAMINAS DEL CAPITALISMO',1,3,NULL,NULL,NULL,NULL,NULL,NULL,52,NULL,'2015-02-13 08:22:42','2015-02-13 08:22:42',NULL),(226,NULL,'---','6568647547','LAMINAS DEL CLIMA Y SIMAS ','LAMINAS DEL CLIMA Y SIMAS ',1,3,NULL,NULL,NULL,NULL,NULL,NULL,8,NULL,'2015-02-13 08:22:42','2015-02-13 08:22:42',NULL),(227,NULL,'---','5437578','LAMINAS DEL CERDO','LAMINAS DEL CERDO',1,3,NULL,NULL,NULL,NULL,NULL,NULL,7,NULL,'2015-02-13 08:22:42','2015-02-13 08:22:42',NULL),(228,NULL,'---','658659','LAMINAS DEL CICLO DEL OXIGENO E HIDROGENO','LAMINAS DEL CICLO DEL OXIGENO E HIDROGENO',1,3,NULL,NULL,NULL,NULL,NULL,NULL,27,NULL,'2015-02-13 08:22:42','2015-02-13 08:22:42',NULL),(229,NULL,'---','65879979','LAMINAS DE LA volucion del Coche y en Tren','LAMINAS DE LA EVOLUCION DEL COCHE Y EN TREN',1,3,NULL,NULL,NULL,NULL,NULL,NULL,12,NULL,'2015-02-13 08:22:42','2015-02-13 08:22:42',NULL),(230,NULL,'---','6858658','LAMINAS DEL CICLO DEL AGUA','LAMINAS DEL CICLO DEL AGUA',1,3,NULL,NULL,NULL,NULL,NULL,NULL,18,NULL,'2015-02-13 08:22:42','2015-02-13 08:22:42',NULL),(231,NULL,'---','47547547','Laminas De Fotosintesis De La Clorofila','LAMINAS DE FOTOSINTESIS DE LA CLOROFILA',1,3,NULL,NULL,NULL,NULL,NULL,NULL,30,NULL,'2015-02-13 08:22:42','2015-02-13 08:22:42',NULL),(232,NULL,'---','657647534','Laminas De Ciclo De Nitrogeno','LAMINAS DEL CICLO DEL NITROGENO',1,3,NULL,NULL,NULL,NULL,NULL,NULL,15,NULL,'2015-02-13 08:22:42','2015-02-13 08:22:42',NULL),(233,NULL,'---','58599554','Laminas de La Celula Animal','LA CELULA ANIMAL',1,3,NULL,NULL,NULL,NULL,NULL,NULL,7,NULL,'2015-02-13 08:22:42','2015-02-13 08:22:42',NULL),(234,NULL,'---','75678568','Laminas de la Celula Vegetal','LA CELULA VEGETAL',1,3,NULL,NULL,NULL,NULL,NULL,NULL,12,NULL,'2015-02-13 08:22:42','2015-02-13 08:22:42',NULL),(235,NULL,'---','4587687','Laminas de la Celula y el Microscopio','LA CELULA Y EL MICROSCOPIO',1,3,NULL,NULL,NULL,NULL,NULL,NULL,45,NULL,'2015-02-13 08:22:42','2015-02-13 08:22:42',NULL),(236,NULL,'---','547584989','Laminas Comunismo Y Socialismo','LAMINAS COMUNISMO Y SOCIALISMO',1,3,NULL,NULL,NULL,NULL,NULL,NULL,4,NULL,'2015-02-13 08:22:42','2015-02-13 08:22:42',NULL),(237,NULL,'---','6432726427','Laminas De Cuerpos Geometricos','LAMINAS DE CUERPOS GEOMETRICOS',1,3,NULL,NULL,NULL,NULL,NULL,NULL,8,NULL,'2015-02-13 08:22:42','2015-02-13 08:22:42',NULL),(238,NULL,'---','4343899','Laminas De Coleccion Personajes Celebres','LAMINAS DE COLECCION PERSONAJES CELEBRES',1,3,NULL,NULL,NULL,NULL,NULL,NULL,38,NULL,'2015-02-13 08:22:42','2015-02-13 08:22:42',NULL),(239,NULL,'---','54788995','LAMINAS DE ORGANIMOS PROCARIONTES Y EUCARIOTES','LAMINAS DE ORGANIMOS PROCARIONTES Y EUCARIOTES',1,3,NULL,NULL,NULL,NULL,NULL,NULL,19,NULL,'2015-02-13 08:22:42','2015-02-13 08:22:42',NULL),(240,NULL,'---','344367','LAMINAS ETNICOS DE LA REPUBLICA MEXICO','LAMINAS ETNICOS DE LA REPUBLICA MEXICO',1,3,NULL,NULL,NULL,NULL,NULL,NULL,32,NULL,'2015-02-13 08:22:42','2015-02-13 08:22:42',NULL),(241,NULL,'---','545648899','Laminas De Gravedad','LAMINAS DE GRAVEDAD',1,3,NULL,NULL,NULL,NULL,NULL,NULL,37,NULL,'2015-02-13 08:22:42','2015-02-13 08:22:42',NULL),(242,NULL,'---','75656856','Lamina Guadalupe Victoria','GUADALUPE VICTORIA',1,3,NULL,NULL,NULL,NULL,NULL,NULL,39,NULL,'2015-02-13 08:22:42','2015-02-13 08:22:42',NULL),(243,NULL,'---','3478834','Laminas Gusano De seda  Y Sus Derivados Gobernadores De chiapas','GUSANO DE SEDA  Y SUS DERIVADOS GOBERNADORES DE CHIAPAS',1,3,NULL,NULL,NULL,NULL,NULL,NULL,33,NULL,'2015-02-13 08:22:42','2015-02-13 08:22:42',NULL),(244,NULL,'---','23842863','Laminas de Gallinas y Sus Derivados','GALLINAS Y SUS DERIVADOS',1,3,NULL,NULL,NULL,NULL,NULL,NULL,53,NULL,'2015-02-13 08:22:42','2015-02-13 08:22:42',NULL),(245,NULL,'---','547545778','Laminas de la Granja','LAMINAS DE LA GRANJA',1,3,NULL,NULL,NULL,NULL,NULL,NULL,10,NULL,'2015-02-13 08:22:42','2015-02-13 08:22:42',NULL),(246,NULL,'---','74754778','Laminas De GuerraPunica','LAMINAS DE GUERRA PUNICA',1,3,NULL,NULL,NULL,NULL,NULL,NULL,22,NULL,'2015-02-13 08:22:42','2015-02-13 08:22:42',NULL),(247,NULL,'---','5675675','Laminas De Geografia Fisicos','LAMINAS DE GEOGRAFIA FISICO',1,3,NULL,NULL,NULL,NULL,NULL,NULL,66,NULL,'2015-02-13 08:22:42','2015-02-13 08:22:42',NULL),(248,NULL,'---','4374374','Laminas De Football Soccer','LAMINAS DE FOOTBALL SOCCER',1,3,NULL,NULL,NULL,NULL,NULL,NULL,62,NULL,'2015-02-13 08:22:42','2015-02-13 08:22:42',NULL),(249,NULL,'---','45457457','LAMINAS GLENDULOS DE SECRECION INTERNOS (HORMONOS)','LAMINAS GLENDULOS DE SECRECION INTERNOS (HORMONOS)',1,3,NULL,NULL,NULL,NULL,NULL,NULL,89,NULL,'2015-02-13 08:22:42','2015-02-13 08:22:42',NULL),(250,NULL,'---','567567576','Laminas Segunda Guerra Mundial','LAMINA SEGUNDA GUERRA MUNDIAL',1,3,NULL,NULL,NULL,NULL,NULL,NULL,39,NULL,'2015-02-13 08:22:42','2015-02-13 08:22:42',NULL),(251,NULL,'---','646456756','Laminas de la Genetica','Laminas de la Genetica',1,3,NULL,NULL,NULL,NULL,NULL,NULL,30,NULL,'2015-02-13 08:22:42','2015-02-13 08:22:42',NULL),(252,NULL,'---','43245254','LAMINAS FOTOSINTESIS','LAMINAS FOTOSINTESIS',1,3,NULL,NULL,NULL,NULL,NULL,NULL,100,NULL,'2015-02-13 08:22:42','2015-02-13 08:22:42',NULL),(253,NULL,'---','768758765','Laminas de la Familia','LAMINAS DE LA FAMILIA',1,3,NULL,NULL,NULL,NULL,NULL,NULL,27,NULL,'2015-02-13 08:22:42','2015-02-13 08:22:42',NULL),(254,NULL,'---','343434634','LAMINAS Y LAS SEMILLAS','LAMINAS Y LAS SEMILLAS',1,3,NULL,NULL,NULL,NULL,NULL,NULL,25,NULL,'2015-02-13 08:22:42','2015-02-13 08:22:42',NULL),(255,NULL,'---','35432452','LAMINAS Y SUS PARTES','LAMINAS Y SUS PARTES',1,3,NULL,NULL,NULL,NULL,NULL,NULL,90,NULL,'2015-02-13 08:22:42','2015-02-13 08:22:42',NULL),(256,NULL,'---','6568568','Laminas De Frutos Botanicos El Frutos','LAMINAS DE FRUTOS BOTANICOS EL FRUTOS',1,3,NULL,NULL,NULL,NULL,NULL,NULL,22,NULL,'2015-02-13 08:22:42','2015-02-13 08:22:42',NULL),(257,NULL,'---','465453','Laminas De Fundacion De TenochTitlan','LAMINAS DE FUNDACION DE TENOCHTITLAN',1,3,NULL,NULL,NULL,NULL,NULL,NULL,20,NULL,'2015-02-13 08:22:42','2015-02-13 08:22:42',NULL),(258,NULL,'---','745745','LAMINAS DE LOS FENICIOS','LAMINAS DE LOS FENICIOS',1,3,NULL,NULL,NULL,NULL,NULL,NULL,19,NULL,'2015-02-13 08:22:42','2015-02-13 08:22:42',NULL),(259,NULL,'---','4545547','LAMINAS FENICIA Y GRETA ','LAMINAS FENICIA Y GRETA ',1,3,NULL,NULL,NULL,NULL,NULL,NULL,23,NULL,'2015-02-13 08:22:42','2015-02-13 08:22:42',NULL),(260,NULL,'---','34364363','LAMINAS DE LAS CRUZADAS Y LA GUERRA','LAMINAS DE LAS CRUZADAS Y LA GUERRA',1,3,NULL,NULL,NULL,NULL,NULL,NULL,24,NULL,'2015-02-13 08:22:42','2015-02-13 08:22:42',NULL),(261,NULL,'---','7585858','LAMINAS EDAD MEDIOS EL FEUDALISMO','LAMINAS EDAD MEDIOS EL FEUDALISMO',1,3,NULL,NULL,NULL,NULL,NULL,NULL,60,NULL,'2015-02-13 08:22:42','2015-02-13 08:22:42',NULL),(262,NULL,'---','5485435684','Laminas  El Federalismo','LAMINAS  EL FEDERALISMO',1,3,NULL,NULL,NULL,NULL,NULL,NULL,40,NULL,'2015-02-13 08:22:42','2015-02-13 08:22:42',NULL),(263,NULL,'---','54673643','Laminas De Fosiles I.','LAMINAS DE FOSILES I',1,3,NULL,NULL,NULL,NULL,NULL,NULL,66,NULL,'2015-02-13 08:22:42','2015-02-13 08:22:42',NULL),(264,NULL,'---','34435775','laminas de Fray Matias G. de Cordova','laminas de fray matias g. de cordova',1,3,NULL,NULL,NULL,NULL,NULL,NULL,22,NULL,'2015-02-13 08:22:42','2015-02-13 08:22:42',NULL),(265,NULL,'---','7454754','Laminas de Francisco y Madero','laminas de francisco y madero',1,3,NULL,NULL,NULL,NULL,NULL,NULL,72,NULL,'2015-02-13 08:22:42','2015-02-13 08:22:42',NULL),(266,NULL,'---','5463432','Laminas de Francisco villa ','laminas de francisco villa ',1,3,NULL,NULL,NULL,NULL,NULL,NULL,34,NULL,'2015-02-13 08:22:42','2015-02-13 08:22:42',NULL),(267,NULL,'---','43473767','Laminas de la Fauna en el Mundo','laminas de la fauna en el mundo',1,3,NULL,NULL,NULL,NULL,NULL,NULL,32,NULL,'2015-02-13 08:22:42','2015-02-13 08:22:42',NULL),(268,NULL,'---','65675789','laminas del distrito de la flora en el mundo','laminas del distrito de la flora en el mundo',1,3,NULL,NULL,NULL,NULL,NULL,NULL,5,NULL,'2015-02-13 08:22:42','2015-02-13 08:22:42',NULL),(269,NULL,'---','','laminas del distrito de la fora en mexico','laminas del distrito de la fora en mexico',1,3,NULL,NULL,NULL,NULL,NULL,NULL,31,NULL,'2015-02-13 08:22:42','2015-02-13 08:22:42',NULL),(270,NULL,'---','567345632','Laminas de la Fauna del Sureste de Mexico','laminas de la fauna del sureste de mexico',1,3,NULL,NULL,NULL,NULL,NULL,NULL,34,NULL,'2015-02-13 08:22:42','2015-02-13 08:22:42',NULL),(271,NULL,'---','55568865','laminas de las fauna de mexico','laminas de las fauna de mexico',1,3,NULL,NULL,NULL,NULL,NULL,NULL,65,NULL,'2015-02-13 08:22:42','2015-02-13 08:22:42',NULL),(272,NULL,'---','263267','laminas de los fenomenos naturales','laminas de los fenomenos naturales',1,3,NULL,NULL,NULL,NULL,NULL,NULL,14,NULL,'2015-02-13 08:22:42','2015-02-13 08:22:42',NULL),(273,NULL,'---','4548747','Laminas de la Floricultura','laminas de la floricultura',1,3,NULL,NULL,NULL,NULL,NULL,NULL,36,NULL,'2015-02-13 08:22:42','2015-02-13 08:22:42',NULL),(274,NULL,'---','457468468','laminas de los feneroganos','laminas de los feneroganos',1,3,NULL,NULL,NULL,NULL,NULL,NULL,30,NULL,'2015-02-13 08:22:42','2015-02-13 08:22:42',NULL),(275,NULL,'---','434335743','Laminas de la Fenerogamos y Criptogramos','laminas de la fenerogamos y criptogramos',1,3,NULL,NULL,NULL,NULL,NULL,NULL,72,NULL,'2015-02-13 08:22:42','2015-02-13 08:22:42',NULL),(276,NULL,'---','548346364','Laminas de la Flor y sus Partes','laminas de la flor y sus partes',1,3,NULL,NULL,NULL,NULL,NULL,NULL,20,NULL,'2015-02-13 08:22:42','2015-02-13 08:22:42',NULL),(277,NULL,'---','67586565','laminas de las flores diversas','laminas de las flores diversas',1,3,NULL,NULL,NULL,NULL,NULL,NULL,60,NULL,'2015-02-13 08:22:42','2015-02-13 08:22:42',NULL),(278,NULL,'---','2523566','laminas de los reptiles','laminas de los reptiles',1,3,NULL,NULL,NULL,NULL,NULL,NULL,62,NULL,'2015-02-13 08:22:42','2015-02-13 08:22:42',NULL),(279,NULL,'---','457474787','laminas de la vida','laminas de la vida',1,3,NULL,NULL,NULL,NULL,NULL,NULL,100,NULL,'2015-02-13 08:22:42','2015-02-13 08:22:42',NULL),(280,NULL,'---','24255366','laminas del hombre','laminas del hombre',1,3,NULL,NULL,NULL,NULL,NULL,NULL,32,NULL,'2015-02-13 08:22:42','2015-02-13 08:22:42',NULL),(281,NULL,'---','6478567578','laminas de las evolucion de los especie','laminas de las evolucion de los especie',1,3,NULL,NULL,NULL,NULL,NULL,NULL,62,NULL,'2015-02-13 08:22:42','2015-02-13 08:22:42',NULL),(282,NULL,'---','43647580','laminas de las extraccion del petroleo','laminas de las extraccion del petroleo',1,3,NULL,NULL,NULL,NULL,NULL,NULL,57,NULL,'2015-02-13 08:22:42','2015-02-13 08:22:42',NULL),(283,NULL,'---','43577623','laminas de los estepos','laminas de los estepos',1,3,NULL,NULL,NULL,NULL,NULL,NULL,28,NULL,'2015-02-13 08:22:42','2015-02-13 08:22:42',NULL),(284,NULL,'---','53537643','laminas del estepos y postizales','laminas del estepos y postizales',1,3,NULL,NULL,NULL,NULL,NULL,NULL,20,NULL,'2015-02-13 08:22:42','2015-02-13 08:22:42',NULL),(285,NULL,'---','434342524','laminas del expropocion  petrolera','laminas del expropiocion  petrolera',1,3,NULL,NULL,NULL,NULL,NULL,NULL,26,NULL,'2015-02-13 08:22:42','2015-02-13 08:22:42',NULL),(286,NULL,'---','535354635','laminas del escudo de chiapas','laminas del escudo de chiapas',1,3,NULL,NULL,NULL,NULL,NULL,NULL,13,NULL,'2015-02-13 08:22:42','2015-02-13 08:22:42',NULL),(287,NULL,'---','343456677','laminas de Emilio Reboza c.','laminas de emilio reboza c.',1,3,NULL,NULL,NULL,NULL,NULL,NULL,80,NULL,'2015-02-13 08:22:42','2015-02-13 08:22:42',NULL),(288,NULL,'---','484671','Laminas de la Historias del CORREO','laminas de la historias del CORREO',1,3,NULL,NULL,NULL,NULL,NULL,NULL,74,NULL,'2015-02-13 08:22:42','2015-02-13 08:22:42',NULL),(289,NULL,'---','64764736','Laminas de la Historias de la Ganaderia','laminas de la historias de la ganaderia',1,3,NULL,NULL,NULL,NULL,NULL,NULL,43,NULL,'2015-02-13 08:22:42','2015-02-13 08:22:42',NULL),(290,NULL,'---','4343545','laminas de las historias del la musica','laminas de las historias del la musica',1,3,NULL,NULL,NULL,NULL,NULL,NULL,47,NULL,'2015-02-13 08:22:42','2015-02-13 08:22:42',NULL),(291,NULL,'---','65656766','laminas de las historias del hombre primitivos','laminas de las historias del hombre primitivos',1,3,NULL,NULL,NULL,NULL,NULL,NULL,82,NULL,'2015-02-13 08:22:42','2015-02-13 08:22:42',NULL),(292,NULL,'---','425342','laminas de las historias del humanismo','laminas de las historias del humanismo',1,3,NULL,NULL,NULL,NULL,NULL,NULL,37,NULL,'2015-02-13 08:22:42','2015-02-13 08:22:42',NULL),(293,NULL,'---','434354556','laminas de las historias de la agricultura','laminas de las historias de la agricultura',1,3,NULL,NULL,NULL,NULL,NULL,NULL,23,NULL,'2015-02-13 08:22:42','2015-02-13 08:22:42',NULL),(294,NULL,'---','747474646','laminas de las historias de las matematicas','laminas de las historias de las matematicas',1,3,NULL,NULL,NULL,NULL,NULL,NULL,32,NULL,'2015-02-13 08:22:42','2015-02-13 08:22:42',NULL),(295,NULL,'---','2121212','laminas de las historias de la imprenta','laminas de las historias de la imprenta',1,3,NULL,NULL,NULL,NULL,NULL,NULL,70,NULL,'2015-02-13 08:22:42','2015-02-13 08:22:42',NULL),(296,NULL,'---','6566667','laminas de las historias del comercio','laminas de las historias del comercio',1,3,NULL,NULL,NULL,NULL,NULL,NULL,36,NULL,'2015-02-13 08:22:42','2015-02-13 08:22:42',NULL),(297,NULL,'---','6565745','laminas de las historias de la tierra','laminas de las historias de la tierra',1,3,NULL,NULL,NULL,NULL,NULL,NULL,23,NULL,'2015-02-13 08:22:42','2015-02-13 08:22:42',NULL),(298,NULL,'---','3223231','laminas de las historias de la musica','laminas de las historias de la musica',1,3,NULL,NULL,NULL,NULL,NULL,NULL,50,NULL,'2015-02-13 08:22:42','2015-02-13 08:22:42',NULL),(299,NULL,'---','989875','laminas de las bellas artes (teatro)','laminas de las bellas artes (teatro)',1,3,NULL,NULL,NULL,NULL,NULL,NULL,40,NULL,'2015-02-13 08:22:42','2015-02-13 08:22:42',NULL),(300,NULL,'---','21212123','Laminas de la Historia de la Guiacion','laminas de la historia de la guiacion',1,3,NULL,NULL,NULL,NULL,NULL,NULL,56,NULL,'2015-02-13 08:22:42','2015-02-13 08:22:42',NULL),(301,NULL,'---','5454453','Laminas de Higiene Mental De La Adolecencia','laminas de higiene mental de la adolecencia',1,3,NULL,NULL,NULL,NULL,NULL,NULL,32,NULL,'2015-02-13 08:22:42','2015-02-13 08:22:42',NULL),(302,NULL,'---','88988989','Laminas De Gimnasio','laminas de gimnasio',1,3,NULL,NULL,NULL,NULL,NULL,NULL,36,NULL,'2015-02-13 08:22:42','2015-02-13 08:22:42',NULL),(303,NULL,'---','757575574','laminas de los gatos grupos etnicos','laminas de los gatos grupos etnicos',1,3,NULL,NULL,NULL,NULL,NULL,NULL,29,NULL,'2015-02-13 08:22:42','2015-02-13 08:22:42',NULL),(304,NULL,'---','65656556','laminas nombres de  de herramientas de trabajos','laminas nombres de  de herramientas de trabajo',1,3,NULL,NULL,NULL,NULL,NULL,NULL,46,NULL,'2015-02-13 08:22:42','2015-02-13 08:22:42',NULL),(305,NULL,'---','434334','laminas nombres de higienes sexual','laminas nombres de higienes sexual',1,3,NULL,NULL,NULL,NULL,NULL,NULL,75,NULL,'2015-02-13 08:22:42','2015-02-13 08:22:42',NULL),(306,NULL,'---','656556','Cartulina Iris color naranja','cartulina iris color naranja',4,5,NULL,NULL,NULL,NULL,NULL,NULL,7,NULL,'2015-02-13 08:22:42','2015-02-13 08:22:42',NULL),(307,NULL,'---','5353535','Cartulina Iris color vino','cartulina iris color vino',4,5,NULL,NULL,NULL,NULL,NULL,NULL,6,NULL,'2015-02-13 08:22:42','2015-02-13 08:22:42',NULL),(308,NULL,'---','3232323223','cartulina iris color azul','cartulina iris color azul',4,5,NULL,NULL,NULL,NULL,NULL,NULL,7,NULL,'2015-02-13 08:22:42','2015-02-13 08:22:42',NULL),(309,NULL,'---','43434334','Cartulina Iris color verde aceituna','cartulina iris color verde aceituna',4,5,NULL,NULL,NULL,NULL,NULL,NULL,1,NULL,'2015-02-13 08:22:42','2015-02-13 08:22:42',NULL),(310,NULL,'---','21212112','Cartulina Iris color negro','cartulina iris color negro',4,5,NULL,NULL,NULL,NULL,NULL,NULL,7,NULL,'2015-02-13 08:22:42','2015-02-13 08:22:42',NULL),(311,NULL,'---','23223','Cartulina Iris color rojo','cartulina iris color rojo',4,5,NULL,NULL,NULL,NULL,NULL,NULL,11,NULL,'2015-02-13 08:22:42','2015-02-13 08:22:42',NULL),(312,NULL,'---','332322323','papel lustre color rosa','papel lustre color rosa',1.8,3.5,NULL,NULL,NULL,NULL,NULL,NULL,62,NULL,'2015-02-13 08:22:42','2015-02-13 08:22:42',NULL),(313,NULL,'---','5656565','papel lustre color morado','papel lustre color morado',1.8,3.5,NULL,NULL,NULL,NULL,NULL,NULL,49,NULL,'2015-02-13 08:22:42','2015-02-13 08:22:42',NULL),(314,NULL,'---','4545454','papel lustre color negro','papel lustre color negro',1.8,3.5,NULL,NULL,NULL,NULL,NULL,NULL,22,NULL,'2015-02-13 08:22:42','2015-02-13 08:22:42',NULL),(315,NULL,'---','434434334','papel lustre color verde','papel lustre color verde',1.8,3.5,NULL,NULL,NULL,NULL,NULL,NULL,20,NULL,'2015-02-13 08:22:42','2015-02-13 08:22:42',NULL),(316,NULL,'---','767675','papel lustre color blanco','papel lustre color blanco',1.8,3.5,NULL,NULL,NULL,NULL,NULL,NULL,24,NULL,'2015-02-13 08:22:42','2015-02-13 08:22:42',NULL),(317,NULL,'---','434343434','papel lustre color rojo','papel lustre color rojo',1.8,3.5,NULL,NULL,NULL,NULL,NULL,NULL,22,NULL,'2015-02-13 08:22:42','2015-02-13 08:22:42',NULL),(318,NULL,'---','4343435','papel lustre color amarillo','papel lustre color amarillo',1.8,3.5,NULL,NULL,NULL,NULL,NULL,NULL,42,NULL,'2015-02-13 08:22:42','2015-02-13 08:22:42',NULL),(319,NULL,'---','9898988','papel lustre color celeste claro','papel lustre color celeste claro',1.8,3.5,NULL,NULL,NULL,NULL,NULL,NULL,55,NULL,'2015-02-13 08:22:42','2015-02-13 08:22:42',NULL),(320,NULL,'---','64646446','papel lustre color plata','papel lustre color plata',1.8,3.5,NULL,NULL,NULL,NULL,NULL,NULL,18,NULL,'2015-02-13 08:22:42','2015-02-13 08:22:42',NULL),(321,NULL,'---','54544545','papel lustre color gris','papel lustre color gris',1.8,3.5,NULL,NULL,NULL,NULL,NULL,NULL,10,NULL,'2015-02-13 08:22:42','2015-02-13 08:22:42',NULL),(322,NULL,'---','54545456','papel lustre color cafe','papel lustre color cafe',1.8,3.5,NULL,NULL,NULL,NULL,NULL,NULL,83,NULL,'2015-02-13 08:22:42','2015-02-13 08:22:42',NULL),(323,NULL,'---','65656556','papel lustre color naranja','papel lustre color naranja',1.8,3.5,NULL,NULL,NULL,NULL,NULL,NULL,25,NULL,'2015-02-13 08:22:42','2015-02-13 08:22:42',NULL),(324,NULL,'---','54545','papel lustre color azul ','papel lustre color azul ',1.8,3.5,NULL,NULL,NULL,NULL,NULL,NULL,7,NULL,'2015-02-13 08:22:42','2015-02-13 08:22:42',NULL),(325,NULL,'---','656565','papel lustre  color celeste fuerte','papel lustre color celeste ',1.8,3.5,NULL,NULL,NULL,NULL,NULL,NULL,13,NULL,'2015-02-13 08:22:42','2015-02-13 08:22:42',NULL),(326,NULL,'---','42422424','papel crepe color azul electrico','papel crepe color azul electrico',0.5,2.5,NULL,NULL,NULL,NULL,NULL,NULL,5,NULL,'2015-02-13 08:22:42','2015-02-13 08:22:42',NULL),(327,NULL,'---','4343434','papel ilustre color verde pistache','papel ilustre color verde pistache',1.8,3.5,NULL,NULL,NULL,NULL,NULL,NULL,3,NULL,'2015-02-13 08:22:42','2015-02-13 08:22:42',NULL),(328,NULL,'---','545445','papel crepe color mandarina','papel crepe color mandarina',0.5,2.5,NULL,NULL,NULL,NULL,NULL,NULL,9,NULL,'2015-02-13 08:22:42','2015-02-13 08:22:42',NULL),(329,NULL,'---','434334','papel crepe color morado','papel crepe color morado',0.5,2.5,NULL,NULL,NULL,NULL,NULL,NULL,1,NULL,'2015-02-13 08:22:42','2015-02-13 08:22:42',NULL),(330,NULL,'---','43433','papel crepe color cafe','papel crepe color cafe',0.5,2.5,NULL,NULL,NULL,NULL,NULL,NULL,3,NULL,'2015-02-13 08:22:42','2015-02-13 08:22:42',NULL),(331,NULL,'---','32322323','papel crepe color negro','papel crepe color negro',0.5,2.5,NULL,NULL,NULL,NULL,NULL,NULL,7,NULL,'2015-02-13 08:22:42','2015-02-13 08:22:42',NULL),(332,NULL,'---','434343','papel crepe color gris','papel crepe color gris',0.5,2.5,NULL,NULL,NULL,NULL,NULL,NULL,10,NULL,'2015-02-13 08:22:42','2015-02-13 08:22:42',NULL),(333,NULL,'---','65656556','papel crepe color rosa','papel crepe color rosa',0.5,2.5,NULL,NULL,NULL,NULL,NULL,NULL,13,NULL,'2015-02-13 08:22:42','2015-02-13 08:22:42',NULL),(334,NULL,'---','32323223','papel crepe color buganvilia','papel crepe color buganvilia',0.5,2.5,NULL,NULL,NULL,NULL,NULL,NULL,10,NULL,'2015-02-13 08:22:42','2015-02-13 08:22:42',NULL),(335,NULL,'---','2121121212','papel crepe color verde limon','papel crepe color verde limon',0.5,2.5,NULL,NULL,NULL,NULL,NULL,NULL,13,NULL,'2015-02-13 08:22:42','2015-02-13 08:22:42',NULL),(336,NULL,'---','3232232323','papel crepe color azul','papel crepe color azul',0.5,2.5,NULL,NULL,NULL,NULL,NULL,NULL,37,NULL,'2015-02-13 08:22:42','2015-02-13 08:22:42',NULL),(337,NULL,'---','545454','papel crepe color blanco','papel crepe color blanco',0.5,2.5,NULL,NULL,NULL,NULL,NULL,NULL,10,NULL,'2015-02-13 08:22:42','2015-02-13 08:22:42',NULL),(338,NULL,'---','87878778','papel crepe color rojo','papel crepe color rojo',0.5,2.5,NULL,NULL,NULL,NULL,NULL,NULL,21,NULL,'2015-02-13 08:22:42','2015-02-13 08:22:42',NULL),(339,NULL,'---','5454545','papel crepe color naranja','papel crepe color naranja',0.5,2.5,NULL,NULL,NULL,NULL,NULL,NULL,19,NULL,'2015-02-13 08:22:42','2015-02-13 08:22:42',NULL),(340,NULL,'---','54544545','papel crepe color verde','papel crepe color verde',0.5,2.5,NULL,NULL,NULL,NULL,NULL,NULL,13,NULL,'2015-02-13 08:22:42','2015-02-13 08:22:42',NULL),(341,NULL,'---','4343433434','papel crepe color amarillo','papel crepe color amarillo',0.5,2.5,NULL,NULL,NULL,NULL,NULL,NULL,15,NULL,'2015-02-13 08:22:42','2015-02-13 08:22:42',NULL),(342,NULL,'---','76766767','papel bond color blanco','papel bond color blanco',1,3,NULL,NULL,NULL,NULL,NULL,NULL,15,NULL,'2015-02-13 08:22:42','2015-02-13 08:22:42',NULL),(343,NULL,'---','776766767','papel bond cuadro','papel bond cuadro',0.5,2,NULL,NULL,NULL,NULL,NULL,NULL,90,NULL,'2015-02-13 08:22:42','2015-02-13 08:22:42',NULL),(344,NULL,'---','43434343','papel china color blanco','papel china color blanco',0.5,2,NULL,NULL,NULL,NULL,NULL,NULL,8,NULL,'2015-02-13 08:22:42','2015-02-13 08:22:42',NULL),(345,NULL,'---','32323232','papel china color amarillo huevo','papel china color amarillo huevo',0.5,2,NULL,NULL,NULL,NULL,NULL,NULL,6,NULL,'2015-02-13 08:22:42','2015-02-13 08:22:42',NULL),(346,NULL,'---','54545545454','papel china color verde pistache','papel china color pistache',0.5,2,NULL,NULL,NULL,NULL,NULL,NULL,110,NULL,'2015-02-13 08:22:42','2015-02-13 08:22:42',NULL),(347,NULL,'---','545454454','papel china color fiusha','papel china color fiusha',0.5,2,NULL,NULL,NULL,NULL,NULL,NULL,80,NULL,'2015-02-13 08:22:42','2015-02-13 08:22:42',NULL),(348,NULL,'---','87878787','papel china color rosa','papel china color rosa',0.5,2,NULL,NULL,NULL,NULL,NULL,NULL,54,NULL,'2015-02-13 08:22:42','2015-02-13 08:22:42',NULL),(349,NULL,'---','3232323223','papel china color morado','papel china color morado',0.5,2,NULL,NULL,NULL,NULL,NULL,NULL,7,NULL,'2015-02-13 08:22:42','2015-02-13 08:22:42',NULL),(350,NULL,'---','43434343','papel china color boganvilia','papel china color boganvilia',0.5,2,NULL,NULL,NULL,NULL,NULL,NULL,25,NULL,'2015-02-13 08:22:42','2015-02-13 08:22:42',NULL),(351,NULL,'---','767676676767','papel china color verde','papel china color verde',0.5,2,NULL,NULL,NULL,NULL,NULL,NULL,33,NULL,'2015-02-13 08:22:42','2015-02-13 08:22:42',NULL),(352,NULL,'---','6565656565','papel contac ','papel contac',3,5,NULL,NULL,NULL,NULL,NULL,NULL,1,NULL,'2015-02-13 08:22:42','2015-02-13 08:22:42',NULL),(353,NULL,'---','093101023','cartulina cascaron 1/2','cartulina cascaron 1/2',2.9,5.5,NULL,NULL,NULL,NULL,NULL,NULL,30,NULL,'2015-02-22 13:17:19','2015-02-22 13:17:19',NULL),(354,NULL,'---','23232323','papel  p.u.c','papel  p.u.c',1,3,NULL,NULL,NULL,NULL,NULL,NULL,1,NULL,'2015-02-13 08:22:42','2015-02-13 08:22:42',NULL),(355,NULL,'---','323232323232','papel metalico color dorado','papel metalico color dorado',4.8,6.5,NULL,NULL,NULL,NULL,NULL,NULL,1,NULL,'2015-02-13 08:22:42','2015-02-13 08:22:42',NULL),(356,NULL,'---','9696966969','papel metalico color verde','papel metalico color verde',4.8,6.5,NULL,NULL,NULL,NULL,NULL,NULL,1,NULL,'2015-02-13 08:22:42','2015-02-13 08:22:42',NULL),(357,NULL,'---','6565656565','papel metalico color azul','papel metalico color azul',4.8,6.5,NULL,NULL,NULL,NULL,NULL,NULL,1,NULL,'2015-02-13 08:22:42','2015-02-13 08:22:42',NULL),(358,NULL,'---','47474747','papel metalico color rojo','papel metalico color rojo',4.8,6.5,NULL,NULL,NULL,NULL,NULL,NULL,1,NULL,'2015-02-13 08:22:42','2015-02-13 08:22:42',NULL),(359,NULL,'---','6363633636','papel americano color fiusha','papel americano color fiusha',1,3,NULL,NULL,NULL,NULL,NULL,NULL,1,NULL,'2015-02-13 08:22:42','2015-02-13 08:22:42',NULL),(360,NULL,'---','434343433434','papel americano color blanco','papel americano color blanco',1,3,NULL,NULL,NULL,NULL,NULL,NULL,1,NULL,'2015-02-13 08:22:42','2015-02-13 08:22:42',NULL),(361,NULL,'---','99999888','papel americano color verde','papel americano color verde',1,3,NULL,NULL,NULL,NULL,NULL,NULL,1,NULL,'2015-02-13 08:22:42','2015-02-13 08:22:42',NULL),(362,NULL,'---','775757557','papel americano color celestes','papel americano color celestes',1,3,NULL,NULL,NULL,NULL,NULL,NULL,1,NULL,'2015-02-13 08:22:42','2015-02-13 08:22:42',NULL),(363,NULL,'---','84848484848','papel americano color rojo','papel americano color rojo',1,3,NULL,NULL,NULL,NULL,NULL,NULL,1,NULL,'2015-02-13 08:22:42','2015-02-13 08:22:42',NULL),(364,NULL,'---','5454545445','papel americano color azul','papel americano color azul',1,3,NULL,NULL,NULL,NULL,NULL,NULL,1,NULL,'2015-02-13 08:22:42','2015-02-13 08:22:42',NULL),(365,NULL,'---','8888888','Cartulina Bristol color amarillo','cartulina bristol color amarillo',2.5,3.5,NULL,NULL,NULL,NULL,NULL,NULL,51,NULL,'2015-02-13 08:22:42','2015-02-13 08:22:42',NULL),(366,NULL,'---','5555544444','cartulina bristol color verde','cartulina bristol color verde',4,5,NULL,NULL,NULL,NULL,NULL,NULL,53,NULL,'2015-02-13 08:22:42','2015-02-13 08:22:42',NULL),(367,NULL,'---','34444','cartulina bristol color rosa','cartulina bristol color rosa',3.7,5,NULL,NULL,NULL,NULL,NULL,NULL,52,NULL,'2015-02-13 08:22:42','2015-02-13 08:22:42',NULL),(368,NULL,'---','233444','Cartulina Bristol color celestes','cartulina bristol color celeste',2.5,3.5,NULL,NULL,NULL,NULL,NULL,NULL,32,NULL,'2015-02-13 08:22:42','2015-02-13 08:22:42',NULL),(369,NULL,'0','01','cartulina bristol expressions color blanco','cartulina bristol color blanco',1.5,2.5,NULL,NULL,NULL,NULL,NULL,NULL,92,NULL,'2015-02-13 08:22:42','2015-02-13 08:22:42',NULL),(370,NULL,'0041540005711','','LAPIZ CHECADOR ','LAPIZ CHECADOR',4.8,6,NULL,NULL,NULL,NULL,NULL,NULL,31,NULL,'2015-02-13 08:22:42','2015-02-13 08:22:42',NULL),(371,NULL,'7501147415724','','BICOLOR DIXON','BICOLOR DIXON',3.8,5,NULL,NULL,NULL,NULL,NULL,NULL,40,NULL,'2015-02-13 08:22:42','2015-02-13 08:22:42',NULL),(372,NULL,'703340628','','LAPIZ DE GRAFITO','LAPIZ DE GRAFITO',2.6,4.5,NULL,NULL,NULL,NULL,NULL,NULL,14,NULL,'2015-02-13 08:22:42','2015-02-13 08:22:42',NULL),(373,NULL,'036260003','','LAPIZ  mirado hexagonal #2','LAPIZ DE GRAFITO MIRADOR 2',2.2,5,NULL,NULL,NULL,NULL,NULL,NULL,49,NULL,'2015-02-13 08:22:42','2015-02-13 08:22:42',NULL),(374,NULL,'7501015201015','','Gomas Eraser M20','GOMAS ERASER M20',1.49,3,NULL,NULL,NULL,NULL,NULL,NULL,40,NULL,'2015-02-13 08:22:42','2015-02-13 08:22:42',NULL),(375,NULL,'7501015205532','','Gomas Eraser  M40','GOMA ERASER M40',3,6,NULL,NULL,NULL,NULL,NULL,NULL,40,NULL,'2015-02-13 08:22:42','2015-02-13 08:22:42',NULL),(376,NULL,'7501015200995','','Gomas Eraser ','GOMA ERASER CONTENIDOS 30PIEZAS',2.2,5,NULL,NULL,NULL,NULL,NULL,NULL,108,NULL,'2015-02-13 08:22:42','2015-02-13 08:22:42',NULL),(377,NULL,'70330112902','','LAPICERO BIC MEDIANO COLOR AZUL','LAPICERO MEDIANO COLOR AZUL',1.86,4,NULL,NULL,NULL,NULL,NULL,NULL,24,NULL,'2015-02-13 08:22:42','2015-02-13 08:22:42',NULL),(378,NULL,'7033012903','','LAPICERO DIAMANTE FINO COLOR NEGRO','LAPICERO DIAMANTE FINO COLOR NEGRO',2.82,6,NULL,NULL,NULL,NULL,NULL,NULL,27,NULL,'2015-02-13 08:22:42','2015-02-13 08:22:42',NULL),(379,NULL,'75010144511030','','LAPICERO MEDIANO BIC COLOR ROJO','LAPICERO MEDIANO BIC COLOR ROJO',1.86,4,NULL,NULL,NULL,NULL,NULL,NULL,20,NULL,'2015-02-13 08:22:42','2015-02-13 08:22:42',NULL),(380,NULL,'750101451106','','LAPICERO MEDIANO BIC  COLOR AZUL','LAPICERO MEDIANO BIC COLOR AZUL',1.86,4,NULL,NULL,NULL,NULL,NULL,NULL,31,NULL,'2015-02-13 08:22:42','2015-02-13 08:22:42',NULL),(381,NULL,'751014511023','','LAPICERO BIC MEDIANO CRISTAL COLOR NEGRO','LAPICERO BIC MEDIANO CRISTAL',1.86,4,NULL,NULL,NULL,NULL,NULL,NULL,75,NULL,'2015-02-13 08:22:42','2015-02-13 08:22:42',NULL),(382,NULL,'7206715183','','LAPIZ ADHESIVO CONTENIDO 8G.','LAPIZ ADHESIVO CONTENIDO 8G.',4,6,NULL,NULL,NULL,NULL,NULL,NULL,24,NULL,'2015-02-13 08:22:42','2015-02-13 08:22:42',NULL),(383,NULL,'40127385','','LAPIZ ADHESIVO  CONTENIDO 20G.','LAPIZ ADHESIVO CONTENIDO 20G.',6.5,8,NULL,NULL,NULL,NULL,NULL,NULL,6,NULL,'2015-02-13 08:22:42','2015-02-13 08:22:42',NULL),(384,NULL,'750198756014','','PASCUAL SILICON LIQUIDO','PASCUAL SILICON LIQUIDO',4.7,6,NULL,NULL,NULL,NULL,NULL,NULL,2,NULL,'2015-02-13 08:22:42','2015-02-13 08:22:42',NULL),(385,NULL,'7501199416533','','PEGAMENTO BLANCO ESCOLAR BULLY CONTENIDO NETO DE 55G','PEGAMENTO BLANCO ESCOLAR CONTENIDO DE 55G',5.6,8,NULL,NULL,NULL,NULL,NULL,NULL,5,NULL,'2015-02-13 08:22:42','2015-02-13 08:22:42',NULL),(386,NULL,'6937544302014','','pegamento blanco  contenido de 225grs','pegamento blanco contenido de 225grs',7.5,9,NULL,NULL,NULL,NULL,NULL,NULL,5,NULL,'2015-02-13 08:22:42','2015-02-13 08:22:42',NULL),(387,NULL,'7502011570235','','pegamento alfa vinilico blanco escolar de 250 g.','pegamento alfa vinilico blanco escolar de 250g.',11,13,NULL,NULL,NULL,NULL,NULL,NULL,2,NULL,'2015-02-13 08:22:42','2015-02-13 08:22:42',NULL),(388,NULL,'7501014601243','','PINTURA VINCI CARTEL COLOR VERDE AMARILLENTO','PINTURA VINCI CARTEL COLOR VERDE AMARILLENTO',20,22,NULL,NULL,NULL,NULL,NULL,NULL,6,NULL,'2015-02-13 08:22:42','2015-02-13 08:22:42',NULL),(389,NULL,'7501174997132','','Colores Para Cartel Baco Color Violeta','COLORES PARA CARTEL BAco',26.3,28,NULL,NULL,NULL,NULL,NULL,NULL,19,NULL,'2015-02-22 13:17:19','2015-02-22 13:17:19',NULL),(390,NULL,'7501174997149','','Colores Para Cartel Color Verde Amarillento','COLORES PARA CARTEL COLOR VERDE AMARILLENTO',5,9,NULL,NULL,NULL,NULL,NULL,NULL,1,NULL,'2015-02-13 08:22:42','2015-02-13 08:22:42',NULL),(391,NULL,'7501174997057','','Colores Para Cartel baco','colores para cartel baco color naranja',26.3,28,NULL,NULL,NULL,NULL,NULL,NULL,24,NULL,'2015-02-13 08:22:42','2015-02-13 08:22:42',NULL),(392,NULL,'7501214920489','','pintura tempera gouache profesional','pintura tempera gouache profesional',27,30,NULL,NULL,NULL,NULL,NULL,NULL,2,NULL,'2015-02-13 08:22:42','2015-02-13 08:22:42',NULL),(393,NULL,'6937544324665','','Correptor Fluid De Botecito ','correptor fluid de botecito',5.2,8,NULL,NULL,NULL,NULL,NULL,NULL,2,NULL,'2015-02-13 08:22:42','2015-02-13 08:22:42',NULL),(394,NULL,'6937544324061','','Correptor Pen De Lapiz','correptor pen de lapiz',3.2,5.5,NULL,NULL,NULL,NULL,NULL,NULL,8,NULL,'2015-02-13 08:22:42','2015-02-13 08:22:42',NULL),(395,NULL,'7501214924586','','botes de pinceles barrilitos','botes de pinceles de barrilitos',12,16,NULL,NULL,NULL,NULL,NULL,NULL,70,NULL,'2015-02-22 13:17:19','2015-02-22 13:17:19',NULL),(396,NULL,'7501174950137','','transportadores de 12cm','transportadores de 12cm',6,10,NULL,NULL,NULL,NULL,NULL,NULL,9,NULL,'2015-02-13 08:22:42','2015-02-13 08:22:42',NULL),(397,NULL,'6937544308122','','Grapas Foska','GRAPAS FOSKA',3,6,NULL,NULL,NULL,NULL,NULL,NULL,5000,NULL,'2015-02-13 08:22:42','2015-02-13 08:22:42',NULL),(398,NULL,'7501214927334','','BROCHES LATONADO','BROCHES LATONADOS',4,8,NULL,NULL,NULL,NULL,NULL,NULL,95,NULL,'2015-02-22 13:17:19','2015-02-22 13:17:19',NULL),(399,NULL,'7501174957105','','Equipos De Geometrias','EQUIPOS DE GEOMETRIAS',14.16,18,NULL,NULL,NULL,NULL,NULL,NULL,6,NULL,'2015-02-13 08:22:42','2015-02-13 08:22:42',NULL),(400,NULL,'7501174950014','','REGLAS TRANSPARENTE','REGLAS TRANSPARENTE',2,5,NULL,NULL,NULL,NULL,NULL,NULL,5,NULL,'2015-02-13 08:22:42','2015-02-13 08:22:42',NULL),(401,NULL,'7501214908425','','REGLAS DE plastico baco R-5030 de 30cm','REGLAS DE METAL ESCALIMETRO',2,5,NULL,NULL,NULL,NULL,NULL,NULL,11,NULL,'2015-02-13 08:22:42','2015-02-13 08:22:42',NULL),(402,NULL,'7501214908029','','REGLAS DE METAL','REGLAS DE METAL',4,8,NULL,NULL,NULL,NULL,NULL,NULL,10,NULL,'2015-02-13 08:22:42','2015-02-13 08:22:42',NULL),(403,NULL,'---','5555577','Foami Tamaño Carta','FOAMI TAMAÑO CARTA',0.5,2,NULL,NULL,NULL,NULL,NULL,NULL,234,NULL,'2015-02-13 08:22:42','2015-02-13 08:22:42',NULL),(404,NULL,'6925409997499','','Cinta Adhesiva Transparente','CINTA ADHESIVA TRANSPARENTE',8.5,10,NULL,NULL,NULL,NULL,NULL,NULL,6,NULL,'2015-02-13 08:22:42','2015-02-13 08:22:42',NULL),(405,NULL,'---','34444444','YURE  CAMAT','YURE CAMAT',8.2,12,NULL,NULL,NULL,NULL,NULL,NULL,2,NULL,'2015-02-13 08:22:42','2015-02-13 08:22:42',NULL),(406,NULL,'75011035113718','','Cinta Adhesiva','CINTA ADHESIVA',8.5,10,NULL,NULL,NULL,NULL,NULL,NULL,3,NULL,'2015-02-13 08:22:42','2015-02-13 08:22:42',NULL),(407,NULL,'---','555557','CARPETA  DE ARGOLLAS','CARPETAS DE ARGOLLAS',3,5,NULL,NULL,NULL,NULL,NULL,NULL,1,NULL,'2015-02-13 08:22:42','2015-02-13 08:22:42',NULL),(408,NULL,'---','55555555','Folder Tamaño Oficio Premium','FOLDER TAMAÑO OFICIO PREMIUM',1.5,3,NULL,NULL,NULL,NULL,NULL,NULL,100,NULL,'2015-02-13 08:22:42','2015-02-13 08:22:42',NULL),(409,NULL,'75030100922087','','Cuadernos  Profesional Con 200Hojas De Rayas','cuadernos  profesional con 200hojas de rayas',12,15,NULL,NULL,NULL,NULL,NULL,NULL,1,NULL,'2015-02-13 08:22:42','2015-02-13 08:22:42',NULL),(410,NULL,'---','03931026','Cuadernos De Clip','cuadernos de clip',7.8,10,NULL,NULL,NULL,NULL,NULL,NULL,6,NULL,'2015-02-13 08:22:42','2015-02-13 08:22:42',NULL),(411,NULL,'0276000055','','Cuadernos Pautados Con Espiral de 50 Hojas','cuadernos pautados con espiral de 50 hojas',5.6,8,NULL,NULL,NULL,NULL,NULL,NULL,5,NULL,'2015-02-13 08:22:42','2015-02-13 08:22:42',NULL),(412,NULL,'7501017340583','','Cuadernos Engrapados  Sin Argollitas','cuadernos engrapados  sin argollitas',6.9,10,NULL,NULL,NULL,NULL,NULL,NULL,6,NULL,'2015-02-13 08:22:42','2015-02-13 08:22:42',NULL),(413,NULL,'0276000285','','Cuadernos  De Rayas Engrapados ','cuadernos  de rayas engrapados ',7.1,10,NULL,NULL,NULL,NULL,NULL,NULL,8,NULL,'2015-02-13 08:22:42','2015-02-13 08:22:42',NULL),(414,NULL,'0276000166','','Cuadernos Italiano De Cuadros  Con Argollitas','cuadernos italiano de cuadros  con argollitas',7.8,10,NULL,NULL,NULL,NULL,NULL,NULL,3,NULL,'2015-02-13 08:22:42','2015-02-13 08:22:42',NULL),(415,NULL,'083101456','','Marcador permanente #440 pelikan azul ','Marcador permanente #440 pelikan azul ',10,14,NULL,NULL,NULL,NULL,NULL,NULL,42,NULL,'2015-02-13 08:22:42','2015-02-13 08:22:42',NULL),(416,NULL,'08310178','','Tijera de barrilito #142-6 ','Tijera de barrilito #142-6 ',3,6,NULL,NULL,NULL,NULL,NULL,NULL,7,NULL,'2015-02-13 08:22:42','2015-02-13 08:22:42',NULL),(417,NULL,'0276000263','','Cuadernos De doble Rayas Italiano  Engargolados','cuadernos de doble rayas italiano engargolados',6.9,10,NULL,NULL,NULL,NULL,NULL,NULL,8,NULL,'2015-02-13 08:22:42','2015-02-13 08:22:42',NULL),(418,NULL,'7506129403041','','Cuadernos Ce Italiano De Cuadro ','cuadernos de italiano de cuadro sin argollitas',7.1,10,NULL,NULL,NULL,NULL,NULL,NULL,1,NULL,'2015-02-13 08:22:42','2015-02-13 08:22:42',NULL),(419,NULL,'7506129402983','','Cuadernos De Rayas Italiano Sin Argollitas de 100hojas','cuadernos de rayas italiano sin argollitas de 100hojas',6.9,10,NULL,NULL,NULL,NULL,NULL,NULL,10,NULL,'2015-02-13 08:22:42','2015-02-13 08:22:42',NULL),(420,NULL,'751017394937','','Cuardenos De Rayas De  Forma Italiana','cuadernos de rayas de forma italiana',7.8,11,NULL,NULL,NULL,NULL,NULL,NULL,16,NULL,'2015-02-13 08:22:42','2015-02-13 08:22:42',NULL),(421,NULL,'0276000184','','Cuadernos De Cuadros  De 100Hojas','cuadernos de cuadro de 100hojas',6.9,10,NULL,NULL,NULL,NULL,NULL,NULL,13,NULL,'2015-02-13 08:22:42','2015-02-13 08:22:42',NULL),(422,NULL,'0276000184','','Cuadernos De cuadros  De 100Hojas','cuadernos de cuadro de 100hojas',6.9,10,NULL,NULL,NULL,NULL,NULL,NULL,13,NULL,'2015-02-13 08:22:42','2015-02-13 08:22:42',NULL),(423,NULL,'7506129402129','','Cuadernos De Rayas Con Argollitas ','cuadernos de rayas con argollitas',9,12,NULL,NULL,NULL,NULL,NULL,NULL,11,NULL,'2015-02-13 08:22:42','2015-02-13 08:22:42',NULL),(424,NULL,'750310092278','','libretas chicas de rayas de book','libretas chicas de rayas de book',7,10,NULL,NULL,NULL,NULL,NULL,NULL,2,NULL,'2015-02-13 08:22:42','2015-02-13 08:22:42',NULL),(425,NULL,'7506129402280','','libretas chicas de rayas frances sin argollitas','libretas chicas frances sin argollitas',5.8,8.5,NULL,NULL,NULL,NULL,NULL,NULL,10,NULL,'2015-02-13 08:22:42','2015-02-13 08:22:42',NULL),(426,NULL,'7702111300903','','libretas de rayas','libretas de rayas de 100hojas',9.8,13,NULL,NULL,NULL,NULL,NULL,NULL,21,NULL,'2015-02-13 08:22:42','2015-02-13 08:22:42',NULL),(427,NULL,'7506129406165','','libretas de cuadros','libretas de cuadro de 100 hojas',9.8,15,NULL,NULL,NULL,NULL,NULL,NULL,12,NULL,'2015-02-13 08:22:42','2015-02-13 08:22:42',NULL),(428,NULL,'7506129406141','','libretas de hoja blanca','libretas de hoja en blanca de 100hojas',9.8,13,NULL,NULL,NULL,NULL,NULL,NULL,8,NULL,'2015-02-13 08:22:42','2015-02-13 08:22:42',NULL),(429,NULL,'7506129406202','','libretas de doble rayas','libretas de doble rayas de 100hojas',9.8,15,NULL,NULL,NULL,NULL,NULL,NULL,6,NULL,'2015-02-13 08:22:42','2015-02-13 08:22:42',NULL),(430,NULL,'7508310252117','','Cuadernos De Roca Engrapado Con 96  Hojas','cuadernos de roca engrapado con 96  hojas',7.9,10,NULL,NULL,NULL,NULL,NULL,NULL,8,NULL,'2015-02-13 08:22:42','2015-02-13 08:22:42',NULL),(431,NULL,'---','2444444','Folder Tamaño Oficio Emir','FOLDER TAMAÑO OFICIO EMIR',1.5,3,NULL,NULL,NULL,NULL,NULL,NULL,226,NULL,'2015-02-13 08:22:42','2015-02-13 08:22:42',NULL),(432,NULL,'---','200000','Folder Tamaño Oficio ','FOLDER TAMAÑO OFICIO',1,2.5,NULL,NULL,NULL,NULL,NULL,NULL,185,NULL,'2015-02-13 08:22:42','2015-02-13 08:22:42',NULL),(433,NULL,'---','1999999','CARPETA TAMAÑO OFICIO','CARPETA TAMAÑO OFICIO',3,6,NULL,NULL,NULL,NULL,NULL,NULL,2,NULL,'2015-02-22 13:17:19','2015-02-22 13:17:19',NULL),(434,NULL,'---','177777','SOBRE CON HILO TAMAÑO CARTA','SOBRE CON HILO TAMAÑO CARTA',1.59,4,NULL,NULL,NULL,NULL,NULL,NULL,10,NULL,'2015-02-13 08:22:42','2015-02-13 08:22:42',NULL),(435,NULL,'---','1666666','Folder De Carta Con Espiral','FOLDER DE CARTA CON COSTILLA',5.6,7,NULL,NULL,NULL,NULL,NULL,NULL,17,NULL,'2015-02-13 08:22:42','2015-02-13 08:22:42',NULL),(436,NULL,'---','155555','Folder Tamaño Carta Color Crema','folder tamaño carta color crema ',1,2.5,NULL,NULL,NULL,NULL,NULL,NULL,200,NULL,'2015-02-13 08:22:42','2015-02-13 08:22:42',NULL),(437,NULL,'---','1444444','Folder Manila ','folder manila tamaño carta',4.4,6,NULL,NULL,NULL,NULL,NULL,NULL,200,NULL,'2015-02-13 08:22:42','2015-02-13 08:22:42',NULL),(438,NULL,'---','12222222222','Folder TAmaño Carta Color Azul Bajo','folder tamaño carta color azul bajo',1,2.5,NULL,NULL,NULL,NULL,NULL,NULL,96,NULL,'2015-02-13 08:22:42','2015-02-13 08:22:42',NULL),(439,NULL,'---','1000000','Folder Tamaño Carta Color Rosa','folder tamaño carta color rosa',1,2.5,NULL,NULL,NULL,NULL,NULL,NULL,97,NULL,'2015-02-13 08:22:42','2015-02-13 08:22:42',NULL),(440,NULL,'---','999999','Folder Tamaño Carta Color Canario','folder tamaño carta color canario',1,2.5,NULL,NULL,NULL,NULL,NULL,NULL,98,NULL,'2015-02-13 08:22:42','2015-02-13 08:22:42',NULL),(441,NULL,'---','888888','FolderTamaño Carta De Colores','folder tamaño carta de colores',1,2.5,NULL,NULL,NULL,NULL,NULL,NULL,185,NULL,'2015-02-13 08:22:42','2015-02-13 08:22:42',NULL),(442,NULL,'---','777777','Folder Tamaño Carta','folder tamaño carta',1,2.5,NULL,NULL,NULL,NULL,NULL,NULL,59,NULL,'2015-02-13 08:22:42','2015-02-13 08:22:42',NULL),(443,NULL,'03931017','','plastilina maqueta baco 180kg color naranja','plastilina color naranja',3.5,6,NULL,NULL,NULL,NULL,NULL,NULL,7,NULL,'2015-02-13 08:22:42','2015-02-13 08:22:42',NULL),(444,NULL,'039310001','','plastilina maqueta baco 180gr  color rosa','plastilina baco color rosa',3.5,6,NULL,NULL,NULL,NULL,NULL,NULL,7,NULL,'2015-02-13 08:22:42','2015-02-13 08:22:42',NULL),(445,NULL,'03931018','','plastilina maqueta baco color rojo','plastilina color rojo',3.5,6,NULL,NULL,NULL,NULL,NULL,NULL,7,NULL,'2015-02-13 08:22:42','2015-02-13 08:22:42',NULL),(446,NULL,'0393101021','','plastilina maqueta baco 180kg color amarillo','plastilina color amarillo',3.5,6,NULL,NULL,NULL,NULL,NULL,NULL,9,NULL,'2015-02-13 08:22:42','2015-02-13 08:22:42',NULL),(447,NULL,'039310011','','plastilina  maqueta baco 180gr color azul claro','plastilina color azul claro',3.5,6,NULL,NULL,NULL,NULL,NULL,NULL,6,NULL,'2015-02-13 08:22:42','2015-02-13 08:22:42',NULL),(448,NULL,'0393101222','','plastilina maqueta baco 180kg color azul oscuro','plastilina color azul oscuro',3.5,6,NULL,NULL,NULL,NULL,NULL,NULL,3,NULL,'2015-02-13 08:22:42','2015-02-13 08:22:42',NULL),(449,NULL,'7501174965322','','plastilinas baco color violeta ','plastilina baco color violeta',3.5,6,NULL,NULL,NULL,NULL,NULL,NULL,9,NULL,'2015-02-13 08:22:42','2015-02-13 08:22:42',NULL),(450,NULL,'0393 1016','','plastilina maqueta baco 180kg color cafe','plastilina color cafe',3.5,6,NULL,NULL,NULL,NULL,NULL,NULL,9,NULL,'2015-02-13 08:22:42','2015-02-13 08:22:42',NULL),(451,NULL,'03931020','','plastilina maqueta baco 180kg. color verde oscuro','plastilina color verde oscuro',3.5,6,NULL,NULL,NULL,NULL,NULL,NULL,4,NULL,'2015-02-13 08:22:42','2015-02-13 08:22:42',NULL),(452,NULL,'7501174965292','','plastilinas maqueta baco color blanco','plastilinas baco color blanco',3.5,6,NULL,NULL,NULL,NULL,NULL,NULL,12,NULL,'2015-02-13 08:22:42','2015-02-13 08:22:42',NULL),(453,NULL,'751174965308','','plastilinas baco color negro','plastilinas baco color negro',3.5,6,NULL,NULL,NULL,NULL,NULL,NULL,15,NULL,'2015-02-13 08:22:42','2015-02-13 08:22:42',NULL),(454,NULL,'039310001','','plastilina maqueta 180gr baco color gris','plastilina baco color gris',3.5,6,NULL,NULL,NULL,NULL,NULL,NULL,4,NULL,'2015-02-13 08:22:42','2015-02-13 08:22:42',NULL),(455,NULL,'---','666666','SOBRE MAMILA MEDIA CARTA','SOBRE MAMILA MEDIA CARTA',1.16,3.5,NULL,NULL,NULL,NULL,NULL,NULL,102,NULL,'2015-02-13 08:22:42','2015-02-13 08:22:42',NULL),(456,NULL,'03931012','','plastilina baco contenido 10 barras de colores','plastilina baco contenido 10 barras de colores',3.5,6,NULL,NULL,NULL,NULL,NULL,NULL,3,NULL,'2015-02-13 08:22:42','2015-02-13 08:22:42',NULL),(457,NULL,'751174967517','','acuarelas 12 pastllas de color baco','acuarelas 12 pastllas de color baco',19,22,NULL,NULL,NULL,NULL,NULL,NULL,8,NULL,'2015-02-13 08:22:42','2015-02-13 08:22:42',NULL),(458,NULL,'---','66666666','popotes color verdes','popotes color verdes',0.5,1,NULL,NULL,NULL,NULL,NULL,NULL,129,NULL,'2015-02-13 08:22:42','2015-02-13 08:22:42',NULL),(459,NULL,'---','444444','popotes ','popotes',0.5,1,NULL,NULL,NULL,NULL,NULL,NULL,130,NULL,'2015-02-13 08:22:42','2015-02-13 08:22:42',NULL),(460,NULL,'---','5555555','popotes color verdes verdes','popotes color verdes verdes',0.5,1,NULL,NULL,NULL,NULL,NULL,NULL,127,NULL,'2015-02-13 08:22:42','2015-02-13 08:22:42',NULL),(461,NULL,'---','4444444','Carpeta Tamaño OFICIO OXFORD','CARPETA TAMAÑO OFICIO OXFORD',1,2.5,NULL,NULL,NULL,NULL,NULL,NULL,99,NULL,'2015-02-22 13:17:19','2015-02-22 13:17:19',NULL),(462,NULL,'---','78586453','Laminas de Cultura Mexica','Laminas de cultura mexica',1,3,NULL,NULL,NULL,NULL,NULL,NULL,103,NULL,'2015-02-13 08:22:42','2015-02-13 08:22:42',NULL),(463,NULL,'---','764753','Laminas De Civilizacion De Caldea','Laminas de civilizacion de caldea',1,3,NULL,NULL,NULL,NULL,NULL,NULL,98,NULL,'2015-02-13 08:22:42','2015-02-13 08:22:42',NULL),(464,NULL,'---','745352','Laminas de mesopotamia','Laminas de mesopotamia',1,3,NULL,NULL,NULL,NULL,NULL,NULL,47,NULL,'2015-02-13 08:22:42','2015-02-13 08:22:42',NULL),(465,NULL,'---','865645','Laminas de Cultura Grabe','Laminas de cultura grabe',1,3,NULL,NULL,NULL,NULL,NULL,NULL,64,NULL,'2015-02-13 08:22:42','2015-02-13 08:22:42',NULL),(466,NULL,'---','5864753','Laminas de Cultura Inca','Laminas de cultura inca',1,3,NULL,NULL,NULL,NULL,NULL,NULL,43,NULL,'2015-02-13 08:22:42','2015-02-13 08:22:42',NULL),(467,NULL,'---','675753','Laminas De Cultura Chichimeca','Laminas de cultura chichimeca',1,3,NULL,NULL,NULL,NULL,NULL,NULL,29,NULL,'2015-02-13 08:22:42','2015-02-13 08:22:42',NULL),(468,NULL,'---','647535','Laminas de Cultura Egipcia','Laminas de cultura egipcia',1,3,NULL,NULL,NULL,NULL,NULL,NULL,72,NULL,'2015-02-13 08:22:42','2015-02-13 08:22:42',NULL),(469,NULL,'---','74522641','Laminas de los deportes','Laminas de los deportes',1,3,NULL,NULL,NULL,NULL,NULL,NULL,63,NULL,'2015-02-13 08:22:42','2015-02-13 08:22:42',NULL),(470,NULL,'---','764753','Laminas Danzos Tipicos Regionales De mexico','Laminas danzos tipicos regionales de mexico',1,3,NULL,NULL,NULL,NULL,NULL,NULL,49,NULL,'2015-02-13 08:22:42','2015-02-13 08:22:42',NULL),(471,NULL,'---','6745321','Laminas democracia','Laminas democracia',1,3,NULL,NULL,NULL,NULL,NULL,NULL,42,NULL,'2015-02-13 08:22:42','2015-02-13 08:22:42',NULL),(472,NULL,'---','7634732','Laminas desnutricion','Laminas desnutricion',1,3,NULL,NULL,NULL,NULL,NULL,NULL,39,NULL,'2015-02-13 08:22:42','2015-02-13 08:22:42',NULL),(473,NULL,'---','6757532','Laminas de los desiertos','Laminas de los desiertos',1,3,NULL,NULL,NULL,NULL,NULL,NULL,41,NULL,'2015-02-13 08:22:42','2015-02-13 08:22:42',NULL),(474,NULL,'---','5634621','Laminas de Drogas y Drogadiccion','Laminas de drogas y drogadiccion',1,3,NULL,NULL,NULL,NULL,NULL,NULL,31,NULL,'2015-02-13 08:22:42','2015-02-13 08:22:42',NULL),(475,NULL,'---','8663357','Laminas de los derechos de los niños','Laminas de los derechos de los niños',1,3,NULL,NULL,NULL,NULL,NULL,NULL,42,NULL,'2015-02-13 08:22:42','2015-02-13 08:22:42',NULL),(476,NULL,'---','8756337','Laminas desarrollo humano','Laminas desarrollo humano',1,3,NULL,NULL,NULL,NULL,NULL,NULL,32,NULL,'2015-02-13 08:22:42','2015-02-13 08:22:42',NULL),(477,NULL,'---','6437535','Laminas de los derechos de la mujer','Laminas de los derechos de la mujer',1,3,NULL,NULL,NULL,NULL,NULL,NULL,38,NULL,'2015-02-13 08:22:42','2015-02-13 08:22:42',NULL),(478,NULL,'---','785645','Laminas de los derechos humanos','Laminas de los derechos humanos',1,3,NULL,NULL,NULL,NULL,NULL,NULL,60,NULL,'2015-02-13 08:22:42','2015-02-13 08:22:42',NULL),(479,NULL,'---','8632856','Laminas desierto mexicano','Laminas desierto mexicano',1,3,NULL,NULL,NULL,NULL,NULL,NULL,35,NULL,'2015-02-13 08:22:42','2015-02-13 08:22:42',NULL),(480,NULL,'---','6737521','Laminas de dia del maestro','Laminas de dia del maestro',1,3,NULL,NULL,NULL,NULL,NULL,NULL,37,NULL,'2015-02-13 08:22:42','2015-02-13 08:22:42',NULL),(481,NULL,'---','6576535','Laminas del dia del muerto','Laminas del dia del muerto',1,3,NULL,NULL,NULL,NULL,NULL,NULL,16,NULL,'2015-02-13 08:22:42','2015-02-13 08:22:42',NULL),(482,NULL,'---','7845673','Laminas dia de la Marina','Laminas de dia de la marina',1,3,NULL,NULL,NULL,NULL,NULL,NULL,69,NULL,'2015-02-13 08:22:42','2015-02-13 08:22:42',NULL),(483,NULL,'---','57634','Laminas del dia del trabajo','Laminas del dia del trabajo',1,3,NULL,NULL,NULL,NULL,NULL,NULL,51,NULL,'2015-02-13 08:22:42','2015-02-13 08:22:42',NULL),(484,NULL,'---','53645','Laminas de 10 de Mayo','Laminas de 10 de mayo',1,3,NULL,NULL,NULL,NULL,NULL,NULL,69,NULL,'2015-02-13 08:22:42','2015-02-13 08:22:42',NULL),(485,NULL,'---','7364812','Laminas De Alimentacion','Laminas de alimentacion',1,3,NULL,NULL,NULL,NULL,NULL,NULL,44,NULL,'2015-02-13 08:22:42','2015-02-13 08:22:42',NULL),(486,NULL,'---','748365385','Laminas De Alfabetizacion','Laminas de alfabetizacion',1,3,NULL,NULL,NULL,NULL,NULL,NULL,20,NULL,'2015-02-13 08:22:42','2015-02-13 08:22:42',NULL),(487,NULL,'---','765864','Laminas De Adolescencia','Laminas de adolescencia',1,3,NULL,NULL,NULL,NULL,NULL,NULL,16,NULL,'2015-02-13 08:22:42','2015-02-13 08:22:42',NULL),(488,NULL,'---','7865864','Laminas de animales en peligro','Laminas de animales en peligro',1,3,NULL,NULL,NULL,NULL,NULL,NULL,20,NULL,'2015-02-13 08:22:42','2015-02-13 08:22:42',NULL),(489,NULL,'---','67576453','Laminas de Aires','Laminas de aires',1,3,NULL,NULL,NULL,NULL,NULL,NULL,27,NULL,'2015-02-13 08:22:42','2015-02-13 08:22:42',NULL),(490,NULL,'---','657643','Laminas de Anorexio y Bulmia','Laminas de anorexio y bulmia',1,3,NULL,NULL,NULL,NULL,NULL,NULL,76,NULL,'2015-02-13 08:22:42','2015-02-13 08:22:42',NULL),(491,NULL,'---','6855332','Laminas De Aparatos Digestion','Laminas de aparatos digestion',1,3,NULL,NULL,NULL,NULL,NULL,NULL,50,NULL,'2015-02-13 08:22:42','2015-02-13 08:22:42',NULL),(492,NULL,'---','563467','Laminas del aparatos de reproductor femenino','Laminas del aparatos de reproductor femenino',1,3,NULL,NULL,NULL,NULL,NULL,NULL,20,NULL,'2015-02-13 08:22:42','2015-02-13 08:22:42',NULL),(493,NULL,'---','6773321','Laminas del aparatos del reproductor masculino','Laminas del aparatos del reproductor masculino',1,3,NULL,NULL,NULL,NULL,NULL,NULL,85,NULL,'2015-02-13 08:22:42','2015-02-13 08:22:42',NULL),(494,NULL,'---','6567457','Laminas del aparatos circulatorio','Laminas del aparatos circulatorio',1,3,NULL,NULL,NULL,NULL,NULL,NULL,72,NULL,'2015-02-13 08:22:42','2015-02-13 08:22:42',NULL),(495,NULL,'---','67475341','Laminas del articulos de ley federal del trabajo','Laminas del articulos de ley federal del trabajo',1,3,NULL,NULL,NULL,NULL,NULL,NULL,43,NULL,'2015-02-13 08:22:42','2015-02-13 08:22:42',NULL),(496,NULL,'---','76453652','Laminas del estado de aguascaliente','Laminas del estado de aguascaliente',1,3,NULL,NULL,NULL,NULL,NULL,NULL,3,NULL,'2015-02-13 08:22:42','2015-02-13 08:22:42',NULL),(497,NULL,'---','675453','Laminas De Aves','Laminas de aves',1,3,NULL,NULL,NULL,NULL,NULL,NULL,23,NULL,'2015-02-13 08:22:42','2015-02-13 08:22:42',NULL),(498,NULL,'---','6753785','Laminas del aparatos domesticos','Laminas del aparatos domesticos',1,3,NULL,NULL,NULL,NULL,NULL,NULL,4,NULL,'2015-02-13 08:22:42','2015-02-13 08:22:42',NULL),(499,NULL,'---','67322509','Laminas del aparatos modernos','Laminas del aparatos modernos',1,3,NULL,NULL,NULL,NULL,NULL,NULL,80,NULL,'2015-02-13 08:22:42','2015-02-13 08:22:42',NULL),(500,NULL,'---','73348509','Laminas del absolutismo','Laminas del absolutismo',1,3,NULL,NULL,NULL,NULL,NULL,NULL,49,NULL,'2015-02-13 08:22:42','2015-02-13 08:22:42',NULL),(501,NULL,'---','7678564','Laminas De Benito Juarez','Laminas de benito juarez',1,3,NULL,NULL,NULL,NULL,NULL,NULL,56,NULL,'2015-02-13 08:22:42','2015-02-13 08:22:42',NULL),(502,NULL,'---','763578278','Laminas de Borregos y Sus Derivados','Laminas de borregos y sus derivados',1,3,NULL,NULL,NULL,NULL,NULL,NULL,45,NULL,'2015-02-13 08:22:42','2015-02-13 08:22:42',NULL),(503,NULL,'---','6575346','Laminas de Belizario Dominguez','Laminas de belizario dominguez',1,3,NULL,NULL,NULL,NULL,NULL,NULL,48,NULL,'2015-02-13 08:22:42','2015-02-13 08:22:42',NULL),(504,NULL,'---','8756437','Laminas de Cristobal Colon','Laminas de cristobal colon',1,3,NULL,NULL,NULL,NULL,NULL,NULL,27,NULL,'2015-02-13 08:22:42','2015-02-13 08:22:42',NULL),(505,NULL,'---','6745370','Laminas del cancer','Laminas del cancer',1,3,NULL,NULL,NULL,NULL,NULL,NULL,48,NULL,'2015-02-13 08:22:42','2015-02-13 08:22:42',NULL),(506,NULL,'---','346553487','Laminas el campo','Laminas del campo',1,3,NULL,NULL,NULL,NULL,NULL,NULL,38,NULL,'2015-02-13 08:22:42','2015-02-13 08:22:42',NULL),(507,NULL,'---','3456345','Laminas del caballos y sus derivados','Laminas del caballos y sus derivados',1,3,NULL,NULL,NULL,NULL,NULL,NULL,43,NULL,'2015-02-13 08:22:42','2015-02-13 08:22:42',NULL),(508,NULL,'---','436534876','Laminas cadenas y alimenticios','Laminas cadenas y alimenticios',1,3,NULL,NULL,NULL,NULL,NULL,NULL,27,NULL,'2015-02-13 08:22:42','2015-02-13 08:22:42',NULL),(509,NULL,'---','67457353','Laminas de la caña De Azucar','Laminas de la caña de azucar',1,3,NULL,NULL,NULL,NULL,NULL,NULL,21,NULL,'2015-02-13 08:22:42','2015-02-13 08:22:42',NULL),(510,NULL,'---','78563298','Laminas del cacao','Laminas del cacao',1,3,NULL,NULL,NULL,NULL,NULL,NULL,19,NULL,'2015-02-13 08:22:42','2015-02-13 08:22:42',NULL),(511,NULL,'---','6753768','Laminas  y Sus Derivados','Laminas cabra y sus derivados',1,3,NULL,NULL,NULL,NULL,NULL,NULL,67,NULL,'2015-02-13 08:22:42','2015-02-13 08:22:42',NULL),(512,NULL,'---','7865753','Laminas el cafe y sus derivados','Laminas el cafe y sus derivados',1,3,NULL,NULL,NULL,NULL,NULL,NULL,14,NULL,'2015-02-13 08:22:42','2015-02-13 08:22:42',NULL),(513,NULL,'---','7658457','Laminas de las celulas','Laminas de las celulas',1,3,NULL,NULL,NULL,NULL,NULL,NULL,11,NULL,'2015-02-13 08:22:42','2015-02-13 08:22:42',NULL),(514,NULL,'---','6747348','Laminas de clasicismo','Laminas de clasicismo',1,3,NULL,NULL,NULL,NULL,NULL,NULL,42,NULL,'2015-02-13 08:22:42','2015-02-13 08:22:42',NULL),(515,NULL,'---','67465327','Laminas de los carnivoros  y los herviboros','Laminas de los carnivoros  y los herviboros',1,3,NULL,NULL,NULL,NULL,NULL,NULL,60,NULL,'2015-02-13 08:22:42','2015-02-13 08:22:42',NULL),(516,NULL,'---','87576357','Laminas de los animales carnivoros','Laminas de los animales carnivoros',1,3,NULL,NULL,NULL,NULL,NULL,NULL,3,NULL,'2015-02-13 08:22:42','2015-02-13 08:22:42',NULL),(517,NULL,'---','6553778','Laminas de las naciones unidad','Laminas de las naciones unidad',1,3,NULL,NULL,NULL,NULL,NULL,NULL,10,NULL,'2015-02-13 08:22:42','2015-02-13 08:22:42',NULL),(518,NULL,'---','853573','Laminas de la o.e.a dia de las americas ','Laminas de la o.e.a dia de las americas ',1,3,NULL,NULL,NULL,NULL,NULL,NULL,55,NULL,'2015-02-13 08:22:42','2015-02-13 08:22:42',NULL),(519,NULL,'---','57645370','Laminas de la orquestas sinfonica','Laminas de la orquestas sinfonica',1,3,NULL,NULL,NULL,NULL,NULL,NULL,46,NULL,'2015-02-13 08:22:42','2015-02-13 08:22:42',NULL),(520,NULL,'---','6773768','Laminas el nacionalismo','Laminas el nacionalismo',1,3,NULL,NULL,NULL,NULL,NULL,NULL,38,NULL,'2015-02-13 08:22:42','2015-02-13 08:22:42',NULL),(521,NULL,'---','767537','Laminas de napoleon bonapartes','Laminas de napoleon bonapartes',1,3,NULL,NULL,NULL,NULL,NULL,NULL,40,NULL,'2015-02-13 08:22:42','2015-02-13 08:22:42',NULL),(522,NULL,'---','7854684','Laminas de los servidores publicos','Laminas de los servidores publicos',1,3,NULL,NULL,NULL,NULL,NULL,NULL,58,NULL,'2015-02-13 08:22:42','2015-02-13 08:22:42',NULL),(523,NULL,'---','8756463','Laminas de la selva','Laminas de la selva',1,3,NULL,NULL,NULL,NULL,NULL,NULL,54,NULL,'2015-02-13 08:22:42','2015-02-13 08:22:42',NULL),(524,NULL,'---','7453788','Laminas de la selva animales','Laminas de la selva animales',1,3,NULL,NULL,NULL,NULL,NULL,NULL,19,NULL,'2015-02-13 08:22:42','2015-02-13 08:22:42',NULL),(525,NULL,'---','67576487','Laminas de los sismos','Laminas de los sismos',1,3,NULL,NULL,NULL,NULL,NULL,NULL,54,NULL,'2015-02-13 08:22:42','2015-02-13 08:22:42',NULL),(526,NULL,'---','6755376','Laminas de sor juana ines de la cruz','Laminas de sor juana ines de la cruz',1,3,NULL,NULL,NULL,NULL,NULL,NULL,110,NULL,'2015-02-13 08:22:42','2015-02-13 08:22:42',NULL),(527,NULL,'---','765335','cartulina caple','cartulina caple',3.2,5,NULL,NULL,NULL,NULL,NULL,NULL,10,NULL,'2015-02-13 08:22:42','2015-02-13 08:22:42',NULL),(528,NULL,'---','67533768','papel unisel 50x50','papel unisel 50x50',2.6,4,NULL,NULL,NULL,NULL,NULL,NULL,3,NULL,'2015-02-13 08:22:42','2015-02-13 08:22:42',NULL),(529,NULL,'---','7643275','Laminas de servicios sociales','Laminas de servicios sociales',1,3,NULL,NULL,NULL,NULL,NULL,NULL,27,NULL,'2015-02-13 08:22:42','2015-02-13 08:22:42',NULL),(530,NULL,'---','647465487','Laminas el socialismo','Laminas el socialismo',1,3,NULL,NULL,NULL,NULL,NULL,NULL,13,NULL,'2015-02-13 08:22:42','2015-02-13 08:22:42',NULL),(531,NULL,'---','654746743','Laminas  El Socialismo','Laminas  el socialismo',1,3,NULL,NULL,NULL,NULL,NULL,NULL,13,NULL,'2015-02-13 08:22:42','2015-02-13 08:22:42',NULL),(532,NULL,'---','6857368','Laminas de jornada por la patria y simbolos patrios','Laminas de jornada por la patria y simbolos patrios',1,3,NULL,NULL,NULL,NULL,NULL,NULL,30,NULL,'2015-02-13 08:22:42','2015-02-13 08:22:42',NULL),(533,NULL,'---','656743','Laminas  VII  Maraviilas Del Mundo','Laminas  VII  maraviilas del mundo',1,3,NULL,NULL,NULL,NULL,NULL,NULL,82,NULL,'2015-02-13 08:22:42','2015-02-13 08:22:42',NULL),(534,NULL,'---','76864869','Laminas de los usos del sonidos','Laminas de los usos del sonidos',1,3,NULL,NULL,NULL,NULL,NULL,NULL,65,NULL,'2015-02-13 08:22:42','2015-02-13 08:22:42',NULL),(535,NULL,'---','68567388','Laminas del dia del mundial para la salud','Laminas del dia del mundial para la salud',1,3,NULL,NULL,NULL,NULL,NULL,NULL,25,NULL,'2015-02-13 08:22:42','2015-02-13 08:22:42',NULL),(536,NULL,'---','7548899','Laminas de los seres vivos ','Laminas de los seres vivos ',1,3,NULL,NULL,NULL,NULL,NULL,NULL,89,NULL,'2015-02-13 08:22:42','2015-02-13 08:22:42',NULL),(537,NULL,'---','7657636','Laminas tipicos de la republicas mexicana','Laminas tipicos de la republicas mexicana',1,3,NULL,NULL,NULL,NULL,NULL,NULL,57,NULL,'2015-02-13 08:22:42','2015-02-13 08:22:42',NULL),(538,NULL,'---','765864','Laminas del trigo y sus derivados','Laminas del trigo y sus derivados',1,3,NULL,NULL,NULL,NULL,NULL,NULL,49,NULL,'2015-02-13 08:22:42','2015-02-13 08:22:42',NULL),(539,NULL,'---','65734768','Laminas del tallo','Laminas del tallo',1,3,NULL,NULL,NULL,NULL,NULL,NULL,42,NULL,'2015-02-13 08:22:42','2015-02-13 08:22:42',NULL),(540,NULL,'---','7684863','Laminas de temblores y sismos y terremotos','Laminas de temblores y sismos y terremotos',1,3,NULL,NULL,NULL,NULL,NULL,NULL,13,NULL,'2015-02-13 08:22:42','2015-02-13 08:22:42',NULL),(541,NULL,'---','78684573','Laminas  Del Triunfo De La Republica','Laminas  del triunfo de la republica',1,3,NULL,NULL,NULL,NULL,NULL,NULL,58,NULL,'2015-02-13 08:22:42','2015-02-13 08:22:42',NULL),(542,NULL,'---','796754864','Laminas el tratado de libre de comercio','Laminas el tratado de libre de comercio',1,3,NULL,NULL,NULL,NULL,NULL,NULL,52,NULL,'2015-02-13 08:22:42','2015-02-13 08:22:42',NULL),(543,NULL,'---','68586475','Laminas de los tres poderes','Laminas de los tres poderes',1,3,NULL,NULL,NULL,NULL,NULL,NULL,28,NULL,'2015-02-13 08:22:42','2015-02-13 08:22:42',NULL),(544,NULL,'---','57647309','Laminas de los tabaquismo','Laminas de los tabaquismo',1,3,NULL,NULL,NULL,NULL,NULL,NULL,6,NULL,'2015-02-13 08:22:42','2015-02-13 08:22:42',NULL),(545,NULL,'---','64764688','Laminas de la ciencia y tecnologia','Laminas de la ciencia y tecnologia',1,3,NULL,NULL,NULL,NULL,NULL,NULL,33,NULL,'2015-02-13 08:22:42','2015-02-13 08:22:42',NULL),(546,NULL,'---','6568487','Laminas de la taiga','Laminas de la taiga',1,3,NULL,NULL,NULL,NULL,NULL,NULL,51,NULL,'2015-02-13 08:22:42','2015-02-13 08:22:42',NULL),(547,NULL,'---','67575376','Laminas de la tundra','Laminas de la tundra',1,3,NULL,NULL,NULL,NULL,NULL,NULL,53,NULL,'2015-02-13 08:22:42','2015-02-13 08:22:42',NULL),(548,NULL,'---','655378','Laminas del movimientos de la tierra ','Laminas del movimientos de la tierra ',1,3,NULL,NULL,NULL,NULL,NULL,NULL,48,NULL,'2015-02-13 08:22:42','2015-02-13 08:22:42',NULL),(549,NULL,'---','7658648','Laminas de los ternometros','Laminas de los ternometros',1,3,NULL,NULL,NULL,NULL,NULL,NULL,30,NULL,'2015-02-13 08:22:42','2015-02-13 08:22:42',NULL),(550,NULL,'---','656488','Laminas el tercer mundo','Laminas el tercer mundo',1,3,NULL,NULL,NULL,NULL,NULL,NULL,45,NULL,'2015-02-13 08:22:42','2015-02-13 08:22:42',NULL),(551,NULL,'---','57638798','Laminas del universo','Laminas del universo',1,3,NULL,NULL,NULL,NULL,NULL,NULL,18,NULL,'2015-02-13 08:22:42','2015-02-13 08:22:42',NULL),(552,NULL,'---','6575386','Laminas vaca y sus derivados','Laminas vaca y sus derivados',1,3,NULL,NULL,NULL,NULL,NULL,NULL,39,NULL,'2015-02-13 08:22:42','2015-02-13 08:22:42',NULL),(553,NULL,'---','985646','Laminas de los vertebrados','Laminas de los vertebrados',1,3,NULL,NULL,NULL,NULL,NULL,NULL,75,NULL,'2015-02-13 08:22:42','2015-02-13 08:22:42',NULL),(554,NULL,'---','685557538','Laminas de los organismo unicelulares y pluricelulares','Laminas de los organismo unicelulares y pluricelulares',1,3,NULL,NULL,NULL,NULL,NULL,NULL,40,NULL,'2015-02-13 08:22:42','2015-02-13 08:22:42',NULL),(555,NULL,'---','6574587878','Laminas deLa familia vegetales','La familia vegetales',1,3,NULL,NULL,NULL,NULL,NULL,NULL,12,NULL,'2015-02-13 08:22:42','2015-02-13 08:22:42',NULL),(556,NULL,'---','6575476','Laminas de la vegetacion de mexico','Laminas de la vegetacion de mexico',1,3,NULL,NULL,NULL,NULL,NULL,NULL,41,NULL,'2015-02-13 08:22:42','2015-02-13 08:22:42',NULL),(557,NULL,'---','7684989','Laminas de la Historia de la vivienda','Laminas de la historia de la vivienda',1,3,NULL,NULL,NULL,NULL,NULL,NULL,48,NULL,'2015-02-13 08:22:42','2015-02-13 08:22:42',NULL),(558,NULL,'---','65747878','Laminas de la vitaminas y alimentos','Laminas de la vitaminas y alimentos',1,3,NULL,NULL,NULL,NULL,NULL,NULL,74,NULL,'2015-02-13 08:22:42','2015-02-13 08:22:42',NULL),(559,NULL,'---','656738','Laminas de las vacunas','Laminas de las vacunas',1,3,NULL,NULL,NULL,NULL,NULL,NULL,33,NULL,'2015-02-13 08:22:42','2015-02-13 08:22:42',NULL),(560,NULL,'---','7684979','Laminas de voleisbol','Laminas de voleisbol',1,3,NULL,NULL,NULL,NULL,NULL,NULL,74,NULL,'2015-02-13 08:22:42','2015-02-13 08:22:42',NULL),(561,NULL,'---','67565376','Laminas de venustiano carranza','Laminas de venustiano carranza',1,3,NULL,NULL,NULL,NULL,NULL,NULL,25,NULL,'2015-02-13 08:22:42','2015-02-13 08:22:42',NULL),(562,NULL,'---','65674709','Laminas de Don Vicente Guerrero','Laminas de don vicente guerrero',1,3,NULL,NULL,NULL,NULL,NULL,NULL,65,NULL,'2015-02-13 08:22:42','2015-02-13 08:22:42',NULL),(563,NULL,'---','73467836','Laminas de viviparos','Laminas de viviparos',1,3,NULL,NULL,NULL,NULL,NULL,NULL,81,NULL,'2015-02-13 08:22:42','2015-02-13 08:22:42',NULL),(564,NULL,'---','74356347','Laminas los volcanes','Laminas los volcanes',1,3,NULL,NULL,NULL,NULL,NULL,NULL,32,NULL,'2015-02-13 08:22:42','2015-02-13 08:22:42',NULL),(565,NULL,'---','365348658','Laminas de los valores eticos y civicos','Laminas de los valores eticos y civicos',1,3,NULL,NULL,NULL,NULL,NULL,NULL,69,NULL,'2015-02-13 08:22:42','2015-02-13 08:22:42',NULL),(566,NULL,'---','7656345','Laminas De Chiapas','Laminas de chiapas',1,3,NULL,NULL,NULL,NULL,NULL,NULL,5,NULL,'2015-02-13 08:22:42','2015-02-13 08:22:42',NULL),(567,NULL,'---','6474647','Laminas de mapas de crooquis del estado de chiapas','Laminas de mapas de crooquis del estado de chiapas',1,3,NULL,NULL,NULL,NULL,NULL,NULL,27,NULL,'2015-02-13 08:22:42','2015-02-13 08:22:42',NULL),(568,NULL,'---','32648325','Laminas de la republica mexicana','Laminas de la republica mexicana',1,3,NULL,NULL,NULL,NULL,NULL,NULL,97,NULL,'2015-02-13 08:22:42','2015-02-13 08:22:42',NULL),(569,NULL,'---','7865873','Laminas de la republicas mexicana (hidografia)','Laminas de la republicas mexicana (hidografia)',1,3,NULL,NULL,NULL,NULL,NULL,NULL,143,NULL,'2015-02-13 08:22:42','2015-02-13 08:22:42',NULL),(570,NULL,'---','65648748','Laminas de mapa mundi','Laminas de mapa mundi',1,3,NULL,NULL,NULL,NULL,NULL,NULL,23,NULL,'2015-02-13 08:22:42','2015-02-13 08:22:42',NULL),(571,NULL,'---','6564878','Laminas del continente euroasiatico africano','Laminas del continente euroasiatico africano',1,3,NULL,NULL,NULL,NULL,NULL,NULL,78,NULL,'2015-02-13 08:22:42','2015-02-13 08:22:42',NULL),(572,NULL,'---','65475384','Laminas del mapa mundi','Laminas del mapa mundi',1,3,NULL,NULL,NULL,NULL,NULL,NULL,23,NULL,'2015-02-13 08:22:42','2015-02-13 08:22:42',NULL),(573,NULL,'---','63743475734','Laminas del continente euroasiatico africano','Laminas del continente euroasiatico africano',1,3,NULL,NULL,NULL,NULL,NULL,NULL,78,NULL,'2015-02-13 08:22:42','2015-02-13 08:22:42',NULL),(574,NULL,'---','7886489','Laminas del planisferio','Laminas del planisferio',1,3,NULL,NULL,NULL,NULL,NULL,NULL,85,NULL,'2015-02-13 08:22:42','2015-02-13 08:22:42',NULL),(575,NULL,'---','8756488','Laminas del planisferio meridiano y paralelo','Laminas del planisferio meridiano y paralelo',1,3,NULL,NULL,NULL,NULL,NULL,NULL,23,NULL,'2015-02-13 08:22:42','2015-02-13 08:22:42',NULL),(576,NULL,'---','64574556375','Laminas de Europa','Laminas de europa',1,3,NULL,NULL,NULL,NULL,NULL,NULL,127,NULL,'2015-02-13 08:22:42','2015-02-13 08:22:42',NULL),(577,NULL,'---','7657534487','Laminas De la America','Laminas de la america',1,3,NULL,NULL,NULL,NULL,NULL,NULL,147,NULL,'2015-02-13 08:22:42','2015-02-13 08:22:42',NULL),(578,NULL,'---','6755376','Laminas de la America Del Norte','Laminas de la america del norte',1,3,NULL,NULL,NULL,NULL,NULL,NULL,108,NULL,'2015-02-13 08:22:42','2015-02-13 08:22:42',NULL),(579,NULL,'---','65747889','Laminas del asia','Laminas del asia',1,3,NULL,NULL,NULL,NULL,NULL,NULL,120,NULL,'2015-02-13 08:22:42','2015-02-13 08:22:42',NULL),(580,NULL,'---','87576488','Laminas del oceanica','Laminas del oceanica',1,3,NULL,NULL,NULL,NULL,NULL,NULL,97,NULL,'2015-02-13 08:22:42','2015-02-13 08:22:42',NULL),(581,NULL,'---','67575347','PAPEL CARBON','PAPEL CARBON',0.5,2,NULL,NULL,NULL,NULL,NULL,NULL,80,NULL,'2015-02-13 08:22:42','2015-02-13 08:22:42',NULL),(582,NULL,'---','76457378','14HOJAS BOND','CONTENIDOS BLOCK',0.2,1,NULL,NULL,NULL,NULL,NULL,NULL,25,NULL,'2015-02-13 08:22:42','2015-02-13 08:22:42',NULL),(583,NULL,'083101234','','Marcador permanente #440 pelikan rojo','Marcador permanente #440 pelikan rojo',10,14,NULL,NULL,NULL,NULL,NULL,NULL,40,NULL,'2015-02-13 08:22:42','2015-02-13 08:22:42',NULL),(584,NULL,'---','6743538','Marcador permanente #440 pelikan negro','Marcador permanente #440 pelikan negro',10,14,NULL,NULL,NULL,NULL,NULL,NULL,6,NULL,'2015-02-13 08:22:42','2015-02-13 08:22:42',NULL),(585,NULL,'083101231','','block solicitud de empleo carta 50hojas','block solicitud de empleo',4.8,7,NULL,NULL,NULL,NULL,NULL,NULL,39,NULL,'2015-02-13 08:22:42','2015-02-13 08:22:42',NULL),(586,NULL,'7702111250703','','LIBRETA NORMAL RAYA COCIDO','',20,25,NULL,NULL,NULL,NULL,NULL,NULL,0,NULL,'2015-02-22 13:17:19','2015-02-22 13:17:19',NULL),(587,NULL,'7501072936639','','GUGAR COLA 500 ML.','',5,0,NULL,NULL,NULL,NULL,NULL,NULL,0,NULL,'2015-02-22 13:17:19','2015-02-22 13:17:19',NULL),(588,NULL,'7501428722725','','AQUARELO GRIP NARANJA','AZOR',6,8,NULL,NULL,NULL,NULL,NULL,NULL,0,NULL,'2015-02-22 13:17:19','2015-02-22 13:17:19',NULL),(589,NULL,'787257111573','','LAPIZ BICOLOR SMART','TRIANGUAR',2,3.5,NULL,NULL,NULL,NULL,NULL,NULL,4,NULL,'2015-02-22 13:17:19','2015-02-22 13:17:19',NULL),(590,NULL,'7501055305247','COCA 2.5','COCA DESECHABLE 2.5','',22,24,NULL,NULL,NULL,NULL,NULL,NULL,8,NULL,'2015-02-22 13:17:19','2015-02-22 13:17:19',NULL),(591,NULL,'7501055302451','','COCA DE LITRO','',14,16,NULL,NULL,NULL,NULL,NULL,NULL,12,NULL,'2015-02-22 13:17:19','2015-02-22 13:17:19',NULL),(592,NULL,'7501055302451','COCA DE LITRO','COCA DE LITRO','',14,16,NULL,NULL,NULL,NULL,NULL,NULL,12,NULL,'2015-02-22 13:17:19','2015-02-22 13:17:19',NULL),(593,NULL,'','COCA DE 600ML.','COCA DE 600ML.','',11,11,NULL,NULL,NULL,NULL,NULL,NULL,24,NULL,'2015-02-22 13:17:19','2015-02-22 13:17:19',NULL),(594,NULL,'75007614','COCA COLA 600ML.','COCA COLA 600ML.','',11,11,NULL,NULL,NULL,NULL,NULL,NULL,22,NULL,'2015-02-22 13:17:19','2015-02-22 13:17:19',NULL),(595,NULL,'7501055304745','','COCA COLA 3 LITROS','',28,30,NULL,NULL,NULL,NULL,NULL,NULL,16,NULL,'2015-02-22 13:17:19','2015-02-22 13:17:19',NULL),(596,NULL,'7501055304813','','FRESCA 3 LITROS','',18,20,NULL,NULL,NULL,NULL,NULL,NULL,1,NULL,'2015-02-22 13:17:19','2015-02-22 13:17:19',NULL),(597,NULL,'7501055303885','','FRESCA 2 LITROS','',14,16,NULL,NULL,NULL,NULL,NULL,NULL,1,NULL,'2015-02-22 13:17:19','2015-02-22 13:17:19',NULL),(598,NULL,'7501055305742','','AGUA MINERALIZADA 2 LTS','',12,15,NULL,NULL,NULL,NULL,NULL,NULL,8,NULL,'2015-02-22 13:17:19','2015-02-22 13:17:19',NULL),(599,NULL,'7501055301386','','FANTA FRESA 2 LTS','',12,15,NULL,NULL,NULL,NULL,NULL,NULL,2,NULL,'2015-02-22 13:17:19','2015-02-22 13:17:19',NULL),(600,NULL,'7501055302260','','FANTA UVA 2LT.','',12.25,15,NULL,NULL,NULL,NULL,NULL,NULL,2,NULL,'2015-02-22 13:17:19','2015-02-22 13:17:19',NULL),(601,NULL,'7501055308613','','FANTA DE MANDARINA 2 LITROS','',12,15,NULL,NULL,NULL,NULL,NULL,NULL,1,NULL,'2015-02-22 13:17:19','2015-02-22 13:17:19',NULL),(602,NULL,'7501055308521','','FANTA DE DURAZNO','',12,15,NULL,NULL,NULL,NULL,NULL,NULL,2,NULL,'2015-02-22 13:17:19','2015-02-22 13:17:19',NULL),(603,NULL,'7501055307906','','AGUA CIEL 600ML.','',5,6,NULL,NULL,NULL,NULL,NULL,NULL,11,NULL,'2015-02-24 09:07:36','2015-02-24 09:07:36',NULL),(604,NULL,'7501055308330','','SENZAO','',9,10,NULL,NULL,NULL,NULL,NULL,NULL,2,NULL,'2015-02-22 13:17:19','2015-02-22 13:17:19',NULL),(605,NULL,'7501059233478','','LICUADO NESTLE 221ML ','PLATAN FRESA',6.5,7,NULL,NULL,NULL,NULL,NULL,NULL,4,NULL,'2015-02-22 13:17:19','2015-02-22 13:17:19',NULL),(606,NULL,'737128249003','','ACIDO MURIATICO 500ML.','',8.36,10,NULL,NULL,NULL,NULL,NULL,NULL,9,NULL,'2015-02-22 13:17:19','2015-02-22 13:17:19',NULL),(607,NULL,'7501032900779','','BAYGON ESPIRALES 2','',1.35,3,NULL,NULL,NULL,NULL,NULL,NULL,69,NULL,'2015-02-22 13:17:19','2015-02-22 13:17:19',NULL),(608,NULL,'7501055335978','','JUGO DEL VALLE','250ML.',6,7,NULL,NULL,NULL,NULL,NULL,NULL,3,NULL,'2015-02-22 13:17:19','2015-02-22 13:17:19',NULL),(609,NULL,'7501055310227','','COCACOLA 2.5LITROS','RETORNABLE',18,20,NULL,NULL,NULL,NULL,NULL,NULL,22,NULL,'2015-02-22 13:17:19','2015-02-22 13:17:19',NULL),(610,NULL,'7501055330461','','VALLE FRUT NARANJA','NARANJA DE 2 LITROS',14,15,NULL,NULL,NULL,NULL,NULL,NULL,3,NULL,'2015-02-22 13:17:19','2015-02-22 13:17:19',NULL),(611,NULL,'7501031311682','','PEPSI DE 1 .5L ','MEGALITRO',10.25,12,NULL,NULL,NULL,NULL,NULL,NULL,8,NULL,'2015-02-22 13:17:19','2015-02-22 13:17:19',NULL),(612,NULL,'7501031346646','','MIRINDA 1.5L','MEGALITRO MIRINDA',10.25,12,NULL,NULL,NULL,NULL,NULL,NULL,9,NULL,'2015-02-22 13:17:19','2015-02-22 13:17:19',NULL),(613,NULL,'7501031360154','','MANZANITA 1.5LITROS','MEGLITRO MANZANA',10.25,12,NULL,NULL,NULL,NULL,NULL,NULL,5,NULL,'2015-02-22 13:17:19','2015-02-22 13:17:19',NULL),(614,NULL,'7501441606118','','JARRITOS MANDARINA 1.5 L','JARRITOS MEGALITRO',10.25,12,NULL,NULL,NULL,NULL,NULL,NULL,4,NULL,'2015-02-22 13:17:19','2015-02-22 13:17:19',NULL),(615,NULL,'7501086800636','','AGUA EPURA','AGUA EPURA DE 2 LITROS',13.2,15,NULL,NULL,NULL,NULL,NULL,NULL,37,NULL,'2015-02-22 13:17:19','2015-02-22 13:17:19',NULL),(616,NULL,'036731321008','','GATORADE DE 1L.','GATORADE DE NARANJA 1LITRO',19,21,NULL,NULL,NULL,NULL,NULL,NULL,4,NULL,'2015-02-22 13:17:19','2015-02-22 13:17:19',NULL),(617,NULL,'036731501004','','GTORADE DE 500ML.','GATORDE DE NARANJA 500ML.',13,15,NULL,NULL,NULL,NULL,NULL,NULL,1,NULL,'2015-02-22 13:17:19','2015-02-22 13:17:19',NULL),(618,NULL,'036731506009','','GATORADE DE PONCHE DE FRUTAS','PONCHE DE FRUTAS DE 500ML.',13,15,NULL,NULL,NULL,NULL,NULL,NULL,1,NULL,'2015-02-22 13:17:19','2015-02-22 13:17:19',NULL),(619,NULL,'036731103543','','GATORADE DE UVA 350ML.','',9,10,NULL,NULL,NULL,NULL,NULL,NULL,1,NULL,'2015-02-22 13:17:19','2015-02-22 13:17:19',NULL),(620,NULL,'036731103512','','GATORADE DE NARANJA 350ML.','',9,10,NULL,NULL,NULL,NULL,NULL,NULL,1,NULL,'2015-02-22 13:17:19','2015-02-22 13:17:19',NULL),(621,NULL,'036731103536','','GATORADE DE LIMA LIMON 350ML.','',9,10,NULL,NULL,NULL,NULL,NULL,NULL,3,NULL,'2015-02-22 13:17:19','2015-02-22 13:17:19',NULL),(622,NULL,'7501031345205','','MIRINDA DE 2.5LITROS','',19,20,NULL,NULL,NULL,NULL,NULL,NULL,4,NULL,'2015-02-22 13:17:19','2015-02-22 13:17:19',NULL),(623,NULL,'7501031310258','','PEPSI DE 2.5 LITROS','',19,20,NULL,NULL,NULL,NULL,NULL,NULL,6,NULL,'2015-02-22 13:17:19','2015-02-22 13:17:19',NULL),(624,NULL,'7501505630080','','SANGRIA DE 2.5 LITROS','',19,20,NULL,NULL,NULL,NULL,NULL,NULL,2,NULL,'2015-02-22 13:17:19','2015-02-22 13:17:19',NULL),(625,NULL,'7501031310098','','PEPSI DE 3 LITROS','',22,24,NULL,NULL,NULL,NULL,NULL,NULL,8,NULL,'2015-02-22 13:17:19','2015-02-22 13:17:19',NULL),(626,NULL,'7501441615127','','JARRITOS DE 3 LITROS PIÑA','',19,21,NULL,NULL,NULL,NULL,NULL,NULL,1,NULL,'2015-02-22 13:17:19','2015-02-22 13:17:19',NULL),(627,NULL,'7501441615417','','JARRITOS 3 L. TUTTI FRUTTI','',19,21,NULL,NULL,NULL,NULL,NULL,NULL,4,NULL,'2015-02-22 13:17:19','2015-02-22 13:17:19',NULL),(628,NULL,'7501059200777','','AGUA NESTLE 1.5L.','',11.2,12,NULL,NULL,NULL,NULL,NULL,NULL,25,NULL,'2015-02-22 13:17:19','2015-02-22 13:17:19',NULL),(629,NULL,'7501059274488','','AGUA NESTLE 600ML.','',5,6,NULL,NULL,NULL,NULL,NULL,NULL,38,NULL,'2015-02-22 13:17:19','2015-02-22 13:17:19',NULL),(630,NULL,'7501198333565','','CANDA DRY 2.L AGUA MINERAL','',16,16,NULL,NULL,NULL,NULL,NULL,NULL,3,NULL,'2015-02-22 13:17:19','2015-02-22 13:17:19',NULL),(631,NULL,'2510470063507','','CHILE  JARAL ANCHO','',2.52,3,NULL,NULL,NULL,NULL,NULL,NULL,25,NULL,'2015-02-22 13:17:19','2015-02-22 13:17:19',NULL),(632,NULL,'2510450019500','','CHILE GUAJILLO','BOLSA DE 250 GRS.  APROX.50 PZAS',0.39,1,NULL,NULL,NULL,NULL,NULL,NULL,50,NULL,'2015-02-22 13:17:19','2015-02-22 13:17:19',NULL),(633,NULL,'741120000005','','CLARASOL 1 LT','1 LT',6.1,8,NULL,NULL,NULL,NULL,NULL,NULL,9,NULL,'2015-02-22 13:17:19','2015-02-22 13:17:19',NULL),(634,NULL,'7501972402715','','COLADOR DE MANGO ECONOMICO','',4.87,7,NULL,NULL,NULL,NULL,NULL,NULL,3,NULL,'2015-02-22 13:17:19','2015-02-22 13:17:19',NULL),(635,NULL,'7501001155834','','DOWNY AZUL LIBRE ENJUAGUE 450 ML.','',9.5,11,NULL,NULL,NULL,NULL,NULL,NULL,12,NULL,'2015-02-22 13:17:19','2015-02-22 13:17:19',NULL),(636,NULL,'7506195175798','','DOWNY LIBRE ENJUAGUE SALVIA Y JAZMIN','800 ML.',16.1,17,NULL,NULL,NULL,NULL,NULL,NULL,3,NULL,'2015-02-22 13:17:19','2015-02-22 13:17:19',NULL),(637,NULL,'7501001109172','','DOWNY ELEGANCE 800 ML.','',16.1,17,NULL,NULL,NULL,NULL,NULL,NULL,4,NULL,'2015-02-22 13:17:19','2015-02-22 13:17:19',NULL),(638,NULL,'7506195159507','','DOWNY  L.E. CITRICOS 800 ML.','',16.1,17,NULL,NULL,NULL,NULL,NULL,NULL,2,NULL,'2015-02-22 13:17:19','2015-02-22 13:17:19',NULL),(639,NULL,'7506195159545','','DOWNY L.E. DUR. PEONIA 800 ML.','',16.1,17,NULL,NULL,NULL,NULL,NULL,NULL,1,NULL,'2015-02-22 13:17:19','2015-02-22 13:17:19',NULL),(640,NULL,'7501026026577','','JABON FOCA DE 250GR.','',5.5,7.5,NULL,NULL,NULL,NULL,NULL,NULL,40,NULL,'2015-02-22 13:17:19','2015-02-22 13:17:19',NULL),(641,NULL,'7501000645268','','PAN CREMA','',4.9,7,NULL,NULL,NULL,NULL,NULL,NULL,51,NULL,'2015-02-22 13:17:19','2015-02-22 13:17:19',NULL),(642,NULL,'7501943458574','','HIGIENICO SUAVEL 4 ROLLOS','',9.16,12,NULL,NULL,NULL,NULL,NULL,NULL,11,NULL,'2015-02-22 13:17:19','2015-02-22 13:17:19',NULL),(643,NULL,'7501005110242','','MAIZENA DE 95GR.','',5.58,7.5,NULL,NULL,NULL,NULL,NULL,NULL,5,NULL,'2015-02-22 13:17:19','2015-02-22 13:17:19',NULL),(644,NULL,'7501025403027','','PINOL','',9.97,11,NULL,NULL,NULL,NULL,NULL,NULL,10,NULL,'2015-02-22 13:17:19','2015-02-22 13:17:19',NULL),(645,NULL,'034587030051','','SAL EL CISNE  DE 1K.','',6.3,9,NULL,NULL,NULL,NULL,NULL,NULL,7,NULL,'2015-02-22 13:17:19','2015-02-22 13:17:19',NULL),(646,NULL,'7501018310097','','SOPA MACARRON 200G.','',3.7,5,NULL,NULL,NULL,NULL,NULL,NULL,5,NULL,'2015-02-22 13:17:19','2015-02-22 13:17:19',NULL),(647,NULL,'7501069201115','','SOPA PASTI LARA CONCHA 200G.','',2.9,5,NULL,NULL,NULL,NULL,NULL,NULL,7,NULL,'2015-02-22 13:17:19','2015-02-22 13:17:19',NULL),(648,NULL,'7509546044453','','SUAVITEL FRESCO AROMA DE SOL 850ML.','',14.6,17,NULL,NULL,NULL,NULL,NULL,NULL,2,NULL,'2015-02-24 09:07:36','2015-02-24 09:07:36',NULL),(649,NULL,'7501048693009','','VENDAS PR0TEC 5CM.','',3.9,8,NULL,NULL,NULL,NULL,NULL,NULL,12,NULL,'2015-02-22 13:17:19','2015-02-22 13:17:19',NULL),(650,NULL,'7501013142051','','VIGOR DURAZNO 335ML.','',4.7,8,NULL,NULL,NULL,NULL,NULL,NULL,1,NULL,'2015-02-22 13:17:19','2015-02-22 13:17:19',NULL),(651,NULL,'7802800719396','','ZUKO MANZANA','',2.5,5,NULL,NULL,NULL,NULL,NULL,NULL,8,NULL,'2015-02-22 13:17:19','2015-02-22 13:17:19',NULL),(652,NULL,'7802800719310','','ZUKO NARANJA','',2.5,5,NULL,NULL,NULL,NULL,NULL,NULL,8,NULL,'2015-02-22 13:17:19','2015-02-22 13:17:19',NULL),(653,NULL,'7802800719433','','ZUKO DE PIÑA COLADA','',2.5,5,NULL,NULL,NULL,NULL,NULL,NULL,5,NULL,'2015-02-22 13:17:19','2015-02-22 13:17:19',NULL),(654,NULL,'7503008848276','','AGUARDIENTE CHARRITO 500ML.','',6.67,10,NULL,NULL,NULL,NULL,NULL,NULL,25,NULL,'2015-02-24 09:07:36','2015-02-24 09:07:36',NULL),(655,NULL,'7501000658923','','MARIAS GAMESA','',5.75,7,NULL,NULL,NULL,NULL,NULL,NULL,41,NULL,'2015-02-22 13:17:19','2015-02-22 13:17:19',NULL),(656,NULL,'7501006705942','','ACE  DE 250G.','',8,9,NULL,NULL,NULL,NULL,NULL,NULL,0,NULL,'2015-02-22 13:17:19','2015-02-22 13:17:19',NULL),(657,NULL,'7509546018911','','JABON AXION 250G','',5.5,7.5,NULL,NULL,NULL,NULL,NULL,NULL,0,NULL,'2015-02-22 13:17:19','2015-02-22 13:17:19',NULL),(658,NULL,'7501065908841','','JABON ARIEL DE 250G.','',8,9,NULL,NULL,NULL,NULL,NULL,NULL,0,NULL,'2015-02-22 13:17:19','2015-02-22 13:17:19',NULL),(659,NULL,'7501007445557','','JABON ACE DE 500G.','',14.2,16,NULL,NULL,NULL,NULL,NULL,NULL,0,NULL,'2015-02-22 13:17:19','2015-02-22 13:17:19',NULL),(660,NULL,'7501001279370','','DOWNY  DE 850ML. ','AROMA FLORAL.',15,17,NULL,NULL,NULL,NULL,NULL,NULL,0,NULL,'2015-02-22 13:17:19','2015-02-22 13:17:19',NULL),(661,NULL,'7501001155841','','DOWNY AROMA FLORAL DE 800ML.','',15,17,NULL,NULL,NULL,NULL,NULL,NULL,0,NULL,'2015-02-22 13:17:19','2015-02-22 13:17:19',NULL),(662,NULL,'7501060500026','','ACEITE PATRONA DE 500ML.','',10,12,NULL,NULL,NULL,NULL,NULL,NULL,0,NULL,'2015-02-22 13:17:19','2015-02-22 13:17:19',NULL),(663,NULL,'7501060500019','','ACEITE PATRONA 1L.','',22,24,NULL,NULL,NULL,NULL,NULL,NULL,0,NULL,'2015-02-22 13:17:19','2015-02-22 13:17:19',NULL),(664,NULL,'7501025401245','','CLORA LUZ DE 500ML.','',3.8,5,NULL,NULL,NULL,NULL,NULL,NULL,0,NULL,'2015-02-22 13:17:19','2015-02-22 13:17:19',NULL),(665,NULL,'7501025401252','','CLARALUZ LITRO','',5,7,NULL,NULL,NULL,NULL,NULL,NULL,0,NULL,'2015-02-22 13:17:19','2015-02-22 13:17:19',NULL),(666,NULL,'75000608','','CLORALEX DE 500ML.','',4,6,NULL,NULL,NULL,NULL,NULL,NULL,0,NULL,'2015-02-22 13:17:19','2015-02-22 13:17:19',NULL),(667,NULL,'75000615','','CLORALEX 1 L.','',8,11,NULL,NULL,NULL,NULL,NULL,NULL,0,NULL,'2015-02-22 13:17:19','2015-02-22 13:17:19',NULL),(668,NULL,'7501039120149','','NUTRIOLI 1L.','',25,28,NULL,NULL,NULL,NULL,NULL,NULL,0,NULL,'2015-02-22 13:17:19','2015-02-22 13:17:19',NULL),(669,NULL,'7509546044408','','SUAVITEL  FRESCA PRIMAVERA 450ML.','',9,11,NULL,NULL,NULL,NULL,NULL,NULL,0,NULL,'2015-02-22 13:17:19','2015-02-22 13:17:19',NULL),(670,NULL,'00842648','','SUAVITEL AQUA 450ML.','',9,11,NULL,NULL,NULL,NULL,NULL,NULL,0,NULL,'2015-02-22 13:17:19','2015-02-22 13:17:19',NULL),(671,NULL,'7509546045689','','VEL ROSITA 450ML.','',15,17,NULL,NULL,NULL,NULL,NULL,NULL,0,NULL,'2015-02-22 13:17:19','2015-02-22 13:17:19',NULL),(672,NULL,'4831193417','','VELADORA CHICA ','',8,10,NULL,NULL,NULL,NULL,NULL,NULL,0,NULL,'2015-02-22 13:17:19','2015-02-22 13:17:19',NULL),(673,NULL,'7501557207209','','VELADORA ARAMO CHICA ','',4,7,NULL,NULL,NULL,NULL,NULL,NULL,0,NULL,'2015-02-22 13:17:19','2015-02-22 13:17:19',NULL),(674,NULL,'75001186','','FABULOSO','FRESCURA PROFUNDA',8.5,10.5,NULL,NULL,NULL,NULL,NULL,NULL,0,NULL,'2015-02-22 13:17:19','2015-02-22 13:17:19',NULL),(675,NULL,'7501026026560','','JABON FOCA DE 500G.','',13,15,NULL,NULL,NULL,NULL,NULL,NULL,0,NULL,'2015-02-22 13:17:19','2015-02-22 13:17:19',NULL),(676,NULL,'011848245003','','VINAGRE BLANCO LA ANITA','',7,9,NULL,NULL,NULL,NULL,NULL,NULL,0,NULL,'2015-02-22 13:17:19','2015-02-22 13:17:19',NULL),(677,NULL,'01125104343','','ELECTROLIT MANZANA','',17,21,NULL,NULL,NULL,NULL,NULL,NULL,0,NULL,'2015-02-22 13:17:19','2015-02-22 13:17:19',NULL),(678,NULL,'7501125104411','','ELECTROLIT COCO','',17,21,NULL,NULL,NULL,NULL,NULL,NULL,0,NULL,'2015-02-22 13:17:19','2015-02-22 13:17:19',NULL),(679,NULL,'7501125104268','','ELECTROLIT FRESA','',17,21,NULL,NULL,NULL,NULL,NULL,NULL,0,NULL,'2015-02-22 13:17:19','2015-02-22 13:17:19',NULL),(680,NULL,'7501102611000','','KOLA LOKA','',15,0,NULL,NULL,NULL,NULL,NULL,NULL,0,NULL,'2015-02-22 13:17:19','2015-02-22 13:17:19',NULL),(681,NULL,'7501102610003','','KOLA LOKA 5G.','KOLA LOCA CON PLASTI LOKA',15,17,NULL,NULL,NULL,NULL,NULL,NULL,0,NULL,'2015-02-22 13:17:19','2015-02-22 13:17:19',NULL),(682,NULL,'','','SUAVITEL BOUQUET 850ML.','',15,17,NULL,NULL,NULL,NULL,NULL,NULL,0,NULL,'2015-02-22 13:17:19','2015-02-22 13:17:19',NULL),(683,NULL,'7509546044507','','SUAVITEL BOUQUET 850ML.','',15,17,NULL,NULL,NULL,NULL,NULL,NULL,0,NULL,'2015-02-22 13:17:19','2015-02-22 13:17:19',NULL),(684,NULL,'7509546056005','','SUAVITEL ORQUIDEAS BLANCAS 850ML.','',15,17,NULL,NULL,NULL,NULL,NULL,NULL,0,NULL,'2015-02-22 13:17:19','2015-02-22 13:17:19',NULL),(685,NULL,'7509546044347','','SUAVITEL ACQUA 850ML.','',15,17,NULL,NULL,NULL,NULL,NULL,NULL,0,NULL,'2015-02-22 13:17:19','2015-02-22 13:17:19',NULL),(686,NULL,'7509546032856','','SUAVITEL ABRAZO DE AMOR 850ML.','',15,17,NULL,NULL,NULL,NULL,NULL,NULL,0,NULL,'2015-02-22 13:17:19','2015-02-22 13:17:19',NULL),(687,NULL,'7509546058092','','SUAVITEL AROMA INTENSE 750ML.','',15,17,NULL,NULL,NULL,NULL,NULL,NULL,0,NULL,'2015-02-22 13:17:19','2015-02-22 13:17:19',NULL),(688,NULL,'01007701509','','PETALO JUMBO ','',18,20,NULL,NULL,NULL,NULL,NULL,NULL,0,NULL,'2015-02-22 13:17:19','2015-02-22 13:17:19',NULL),(689,NULL,'7501199400990','','JABON DE BARRA 1-2-3','',9,11,NULL,NULL,NULL,NULL,NULL,NULL,0,NULL,'2015-02-22 13:17:19','2015-02-22 13:17:19',NULL),(690,NULL,'7501026005671','','JABON ZOTE ROSA 400G. ','',10,12,NULL,NULL,NULL,NULL,NULL,NULL,0,NULL,'2015-02-22 13:17:19','2015-02-22 13:17:19',NULL),(691,NULL,'7501026005374','','JABON ZOTE 400G.','',9,12,NULL,NULL,NULL,NULL,NULL,NULL,0,NULL,'2015-02-22 13:17:19','2015-02-22 13:17:19',NULL),(692,NULL,'7501026005381','','JABON ZOTE 200G.','',5,7,NULL,NULL,NULL,NULL,NULL,NULL,0,NULL,'2015-02-22 13:17:19','2015-02-22 13:17:19',NULL),(693,NULL,'7501026005688','','JABON ZOTE ROSA 200G. ','',5,7,NULL,NULL,NULL,NULL,NULL,NULL,0,NULL,'2015-02-22 13:17:19','2015-02-22 13:17:19',NULL),(694,NULL,'7501007455730','','ARIEL 500G. ','',16,18,NULL,NULL,NULL,NULL,NULL,NULL,0,NULL,'2015-02-22 13:17:19','2015-02-22 13:17:19',NULL),(695,NULL,'7501052472102','','SALSA CATSUP 340G.','',10,12,NULL,NULL,NULL,NULL,NULL,NULL,0,NULL,'2015-02-22 13:17:19','2015-02-22 13:17:19',NULL),(696,NULL,'7501017005611','','PURE DE TOMATE 210G.','LA COSTEÑA PURE DE TOMATE',4,6,NULL,NULL,NULL,NULL,NULL,NULL,0,NULL,'2015-02-22 13:17:19','2015-02-22 13:17:19',NULL),(697,NULL,'7501003305923','','MERMELADA MACCORMICK DE FRESA 165G.','',9,11,NULL,NULL,NULL,NULL,NULL,NULL,0,NULL,'2015-02-22 13:17:19','2015-02-22 13:17:19',NULL),(698,NULL,'7501003336521','','MERMELADA DE CHABACANO MACCORMICK','MERMELADA DE CHABACANO 270G.',14,16,NULL,NULL,NULL,NULL,NULL,NULL,0,NULL,'2015-02-22 13:17:19','2015-02-22 13:17:19',NULL),(699,NULL,'7501003336323','','MERMELADA DE PIÑA','',14,16,NULL,NULL,NULL,NULL,NULL,NULL,0,NULL,'2015-02-22 13:17:19','2015-02-22 13:17:19',NULL),(700,NULL,'7501003340115','','MAYONESA   CHICA 105G.','',9,11,NULL,NULL,NULL,NULL,NULL,NULL,0,NULL,'2015-02-22 13:17:19','2015-02-22 13:17:19',NULL),(701,NULL,'7501003340139','','MAYONESA GRANDE DE 390G.','MAYONESA MAC CORMICK',23,25,NULL,NULL,NULL,NULL,NULL,NULL,0,NULL,'2015-02-22 13:17:19','2015-02-22 13:17:19',NULL),(702,NULL,'7501144990026','','ACEITUNAS  120G.','',10,12,NULL,NULL,NULL,NULL,NULL,NULL,0,NULL,'2015-02-22 13:17:19','2015-02-22 13:17:19',NULL),(703,NULL,'7501111130028','','ARROZ DE 500G.','',6,8,NULL,NULL,NULL,NULL,NULL,NULL,0,NULL,'2015-02-22 13:17:19','2015-02-22 13:17:19',NULL),(704,NULL,'7501372810301','','ARROZ DE 500G SCHETTINO','',6,8,NULL,NULL,NULL,NULL,NULL,NULL,0,NULL,'2015-02-22 13:17:19','2015-02-22 13:17:19',NULL),(705,NULL,'7501069201009','','SPAGUETTI 200G.  PASTI LARA','',4,6,NULL,NULL,NULL,NULL,NULL,NULL,0,NULL,'2015-02-22 13:17:19','2015-02-22 13:17:19',NULL),(706,NULL,'7501018310103','','SPAGHETTI LA MODERNA','',4,6,NULL,NULL,NULL,NULL,NULL,NULL,0,NULL,'2015-02-22 13:17:19','2015-02-22 13:17:19',NULL),(707,NULL,'7501018310516','','SOPA DE CODO 1 200G. LA MODERNA','',3,5,NULL,NULL,NULL,NULL,NULL,NULL,0,NULL,'2015-02-22 13:17:19','2015-02-22 13:17:19',NULL),(708,NULL,'7501069201092','','SOPA DE CODO 2 DE PASTI LARA DE 200G.','',3,5,NULL,NULL,NULL,NULL,NULL,NULL,0,NULL,'2015-02-22 13:17:19','2015-02-22 13:17:19',NULL),(709,NULL,'7501018310523','','SOPA DE CODO2  LA MODERNA  DE 200G.','',5,6,NULL,NULL,NULL,NULL,NULL,NULL,0,NULL,'2015-02-22 13:17:19','2015-02-22 13:17:19',NULL),(710,NULL,'7501018310721','','SOPA DE MOÑO LA MODERNA','',5,6,NULL,NULL,NULL,NULL,NULL,NULL,0,NULL,'2015-02-22 13:17:19','2015-02-22 13:17:19',NULL),(711,NULL,'7501018310066','','SOPA DE FIDEO LA MODERNA',' ',4,5,NULL,NULL,NULL,NULL,NULL,NULL,0,NULL,'2015-02-22 13:17:19','2015-02-22 13:17:19',NULL),(712,NULL,'7501018310035','','SOPA DE FIDEO2 LA MODERNA','',4,5,NULL,NULL,NULL,NULL,NULL,NULL,0,NULL,'2015-02-22 13:17:19','2015-02-22 13:17:19',NULL),(713,NULL,'7501069201047','','SOPA DE FIDEO CAMBRAI','',3,5,NULL,NULL,NULL,NULL,NULL,NULL,0,NULL,'2015-02-22 13:17:19','2015-02-22 13:17:19',NULL),(714,NULL,'649498838001','','MICHE MIX CLASICA 240ML.','',18,21,NULL,NULL,NULL,NULL,NULL,NULL,0,NULL,'2015-02-22 13:17:19','2015-02-22 13:17:19',NULL),(715,NULL,'724609300766','','SALSA GUADALUPANA','',8,10,NULL,NULL,NULL,NULL,NULL,NULL,0,NULL,'2015-02-22 13:17:19','2015-02-22 13:17:19',NULL),(716,NULL,'649498837981','','MICHE MIX ESPECIAL 240ML.','',18,21,NULL,NULL,NULL,NULL,NULL,NULL,0,NULL,'2015-02-22 13:17:19','2015-02-22 13:17:19',NULL),(717,NULL,'097339000061','','SALSA VALENTINA 370ML.','',8,10,NULL,NULL,NULL,NULL,NULL,NULL,0,NULL,'2015-02-22 13:17:19','2015-02-22 13:17:19',NULL),(718,NULL,'7501059286214','','CAFE DOLCA  95G.','',31.5,33.5,NULL,NULL,NULL,NULL,NULL,NULL,0,NULL,'2015-02-22 13:17:19','2015-02-22 13:17:19',NULL),(719,NULL,'7501001604103','','JUGO MAGGI 100ML.','',18,20,NULL,NULL,NULL,NULL,NULL,NULL,0,NULL,'2015-02-22 13:17:19','2015-02-22 13:17:19',NULL),(720,NULL,'011848425733','','SALSA HABANERA LA ANITA 120G.','SALSA HABANERA LA ANITA ROJA',12,14,NULL,NULL,NULL,NULL,NULL,NULL,0,NULL,'2015-02-22 13:17:19','2015-02-22 13:17:19',NULL),(721,NULL,'011848425726','','SALSA LA ANITA HABANERA 120G.  VERDE','',12,14,NULL,NULL,NULL,NULL,NULL,NULL,0,NULL,'2015-02-22 13:17:19','2015-02-22 13:17:19',NULL),(722,NULL,'7502235425731','','SALSA LA CARIBEÑA HABANERA ROJA','',8,12,NULL,NULL,NULL,NULL,NULL,NULL,0,NULL,'2015-02-22 13:17:19','2015-02-22 13:17:19',NULL),(723,NULL,'7502235425823','','SABORIZANTE  DE VAINILLA  ','',8,11,NULL,NULL,NULL,NULL,NULL,NULL,0,NULL,'2015-02-22 13:17:19','2015-02-22 13:17:19',NULL),(724,NULL,'7501059287471','','CAFE DOLCA  48G.','',20,22,NULL,NULL,NULL,NULL,NULL,NULL,0,NULL,'2015-02-22 13:17:19','2015-02-22 13:17:19',NULL),(725,NULL,'7501059224841','','CAFE  NESCAFE CLASICO 50G.','',20,22,NULL,NULL,NULL,NULL,NULL,NULL,0,NULL,'2015-02-22 13:17:19','2015-02-22 13:17:19',NULL),(726,NULL,'7501059292406','','NESCAFE DOLCA 10G.','',4.2,6,NULL,NULL,NULL,NULL,NULL,NULL,0,NULL,'2015-02-22 13:17:19','2015-02-22 13:17:19',NULL),(727,NULL,'074963200470','','CAFE UNICO 14.G','',3,5,NULL,NULL,NULL,NULL,NULL,NULL,0,NULL,'2015-02-22 13:17:19','2015-02-22 13:17:19',NULL),(728,NULL,'7501045401195','','ATUN EL DORADO EN ACEITE  100G.','',9,11,NULL,NULL,NULL,NULL,NULL,NULL,0,NULL,'2015-02-22 13:17:19','2015-02-22 13:17:19',NULL),(729,NULL,'7501041415905','','ATUN  TUNY  100G.','',9,11,NULL,NULL,NULL,NULL,NULL,NULL,0,NULL,'2015-02-22 13:17:19','2015-02-22 13:17:19',NULL),(730,NULL,'7501045401201','','ATUN AGUA EL DORADO 100G.','',9,11,NULL,NULL,NULL,NULL,NULL,NULL,0,NULL,'2015-02-22 13:17:19','2015-02-22 13:17:19',NULL),(731,NULL,'731082001004','','SARDINA GUAYMEX ','',20,22,NULL,NULL,NULL,NULL,NULL,NULL,0,NULL,'2015-02-22 13:17:19','2015-02-22 13:17:19',NULL),(732,NULL,'7501000606573','','CREMAX VAINILLA 90 GR.','',7,8,NULL,NULL,NULL,NULL,NULL,NULL,3,NULL,'2015-02-22 13:17:19','2015-02-22 13:17:19',NULL),(733,NULL,'7501000606580','','CREMAX FRESA 90 GR.','',7,8,NULL,NULL,NULL,NULL,NULL,NULL,1,NULL,'2015-02-22 13:17:19','2015-02-22 13:17:19',NULL),(734,NULL,'7501000612130','','CREMAX CHOCOLATE 213 GR.','',16,17,NULL,NULL,NULL,NULL,NULL,NULL,1,NULL,'2015-02-22 13:17:19','2015-02-22 13:17:19',NULL),(735,NULL,'7501000612147','','CREMAX FRESA 213 GR.','',16,17,NULL,NULL,NULL,NULL,NULL,NULL,1,NULL,'2015-02-22 13:17:19','2015-02-22 13:17:19',NULL),(736,NULL,'7501000612161','','CREMAX VAINILLA 213 GR.','',16,17,NULL,NULL,NULL,NULL,NULL,NULL,1,NULL,'2015-02-22 13:17:19','2015-02-22 13:17:19',NULL),(737,NULL,'7501000634408','','SURTIDO RICO 199 GR.','',16,17,NULL,NULL,NULL,NULL,NULL,NULL,1,NULL,'2015-02-22 13:17:19','2015-02-22 13:17:19',NULL),(738,NULL,'7501000626557','','EMPERADOR PIRUETAS 106 GR.','',9,10,NULL,NULL,NULL,NULL,NULL,NULL,4,NULL,'2015-02-22 13:17:19','2015-02-22 13:17:19',NULL),(739,NULL,'7501000635726','','ARCOIRIS 75 GR.','',8,9,NULL,NULL,NULL,NULL,NULL,NULL,0,NULL,'2015-02-24 09:07:36','2015-02-24 09:07:36',NULL),(740,NULL,'7501000601776','','EMPERADOR SENZO 93 GR.','',8,9,NULL,NULL,NULL,NULL,NULL,NULL,1,NULL,'2015-02-22 13:17:19','2015-02-22 13:17:19',NULL),(741,NULL,'7501000626502','','EMPERADOR VAINILLA 101 GR.','',9,10,NULL,NULL,NULL,NULL,NULL,NULL,3,NULL,'2015-02-22 13:17:19','2015-02-22 13:17:19',NULL),(742,NULL,'7501000626489','','EMPERADOR CHOCOLATE 101 GR.','',9,10,NULL,NULL,NULL,NULL,NULL,NULL,3,NULL,'2015-02-22 13:17:19','2015-02-22 13:17:19',NULL),(743,NULL,'7501000626540','','EMPERADOR COMBINADO 101 GR.','',9,10,NULL,NULL,NULL,NULL,NULL,NULL,2,NULL,'2015-02-22 13:17:19','2015-02-22 13:17:19',NULL),(744,NULL,'7501000663705','','FRUTS 104 GRS.','',9,10,NULL,NULL,NULL,NULL,NULL,NULL,2,NULL,'2015-02-22 13:17:19','2015-02-22 13:17:19',NULL),(745,NULL,'7501011142565','','PAKETAXO PA SU MECHA 75 GR.','',8,9,NULL,NULL,NULL,NULL,NULL,NULL,3,NULL,'2015-02-22 13:17:19','2015-02-22 13:17:19',NULL),(746,NULL,'7501011137431','','HABANERA 42 GR.','',8,9,NULL,NULL,NULL,NULL,NULL,NULL,3,NULL,'2015-02-22 13:17:19','2015-02-22 13:17:19',NULL),(747,NULL,'7501011101463','','PAPAS ADOBADAS 45 GR.','',8,9,NULL,NULL,NULL,NULL,NULL,NULL,2,NULL,'2015-02-22 13:17:19','2015-02-22 13:17:19',NULL),(748,NULL,'7501011101456','','PAPAS ORIGINALES 45 GR.','',8,9,NULL,NULL,NULL,NULL,NULL,NULL,2,NULL,'2015-02-22 13:17:19','2015-02-22 13:17:19',NULL),(749,NULL,'7501011128699','','RUFLESS CRUNCH SALSA ROJA 50 GR.','',8,9,NULL,NULL,NULL,NULL,NULL,NULL,3,NULL,'2015-02-22 13:17:19','2015-02-22 13:17:19',NULL),(750,NULL,'7501011102095','','RUFLES ORIGINLES 50 GR.','',8,9,NULL,NULL,NULL,NULL,NULL,NULL,3,NULL,'2015-02-22 13:17:19','2015-02-22 13:17:19',NULL),(751,NULL,'7501011127012','','TOSTITOS 65. ','',8,9,NULL,NULL,NULL,NULL,NULL,NULL,3,NULL,'2015-02-22 13:17:19','2015-02-22 13:17:19',NULL),(752,NULL,'7501011123588','','DORITOS NACHOS 58 GR.','',8,9,NULL,NULL,NULL,NULL,NULL,NULL,6,NULL,'2015-02-22 13:17:19','2015-02-22 13:17:19',NULL),(753,NULL,'7501011123878','','DORITOS INCOGNITA 58 GR','',8,9,NULL,NULL,NULL,NULL,NULL,NULL,3,NULL,'2015-02-22 13:17:19','2015-02-22 13:17:19',NULL),(754,NULL,'7501011130272','','DORITOS FLAMING HOT 58 GR','',8,9,NULL,NULL,NULL,NULL,NULL,NULL,3,NULL,'2015-02-22 13:17:19','2015-02-22 13:17:19',NULL),(755,NULL,'7501011123595','','DORITOS DIABLO 58 GR','',8,9,NULL,NULL,NULL,NULL,NULL,NULL,2,NULL,'2015-02-22 13:17:19','2015-02-22 13:17:19',NULL),(756,NULL,'7501011123380','','DORITOS PIZZEROLAS 58 GR','',8,9,NULL,NULL,NULL,NULL,NULL,NULL,5,NULL,'2015-02-22 13:17:19','2015-02-22 13:17:19',NULL),(757,NULL,'7501011151079','','CHICHARRON 30 GR','',7,8,NULL,NULL,NULL,NULL,NULL,NULL,2,NULL,'2015-02-22 13:17:19','2015-02-22 13:17:19',NULL),(758,NULL,'7501011112254','','FRITOS CHORIZO Y CHIPOTLE 60 GR','',7,8,NULL,NULL,NULL,NULL,NULL,NULL,3,NULL,'2015-02-22 13:17:19','2015-02-22 13:17:19',NULL),(759,NULL,'7501011142312','','FRITOS SAL Y LIMON 70 GR','',7,8,NULL,NULL,NULL,NULL,NULL,NULL,5,NULL,'2015-02-22 13:17:19','2015-02-22 13:17:19',NULL),(760,NULL,'7501011142299','','CRIJITOS QUESO Y CHILE 43 GR','',7,8,NULL,NULL,NULL,NULL,NULL,NULL,1,NULL,'2015-02-22 13:17:19','2015-02-22 13:17:19',NULL),(761,NULL,'7501011111028','','RANCHERITOS 52 GR','',4.76,6,NULL,NULL,NULL,NULL,NULL,NULL,2,NULL,'2015-02-22 13:17:19','2015-02-22 13:17:19',NULL),(762,NULL,'7501011143999','','CHEETOS TORCIDOS 48 GR','',4.76,6,NULL,NULL,NULL,NULL,NULL,NULL,5,NULL,'2015-02-22 13:17:19','2015-02-22 13:17:19',NULL),(763,NULL,'7501011143753','','CHEETOS FLAMIN HOT 48 GR','',4.76,6,NULL,NULL,NULL,NULL,NULL,NULL,4,NULL,'2015-02-22 13:17:19','2015-02-22 13:17:19',NULL),(764,NULL,'7501011143586','','CHEETOS  ORIGINALES 48 GR','',4.76,6,NULL,NULL,NULL,NULL,NULL,NULL,4,NULL,'2015-02-22 13:17:19','2015-02-22 13:17:19',NULL),(765,NULL,'7501000260614','','ONDAS PICANTES 40 GR.','',7,8,NULL,NULL,NULL,NULL,NULL,NULL,5,NULL,'2015-02-22 13:17:19','2015-02-22 13:17:19',NULL),(766,NULL,'757528017149','','BIG MIX FUEGO 70 GR.','',6.22,8,NULL,NULL,NULL,NULL,NULL,NULL,4,NULL,'2015-02-22 13:17:19','2015-02-22 13:17:19',NULL),(767,NULL,'757528002039','','BIG MIX 4E 70 GR.','',6.22,8,NULL,NULL,NULL,NULL,NULL,NULL,2,NULL,'2015-02-22 13:17:19','2015-02-22 13:17:19',NULL),(768,NULL,'7501000266333','','CHIPS JALAPEÑOS 46 GR.','',7,9,NULL,NULL,NULL,NULL,NULL,NULL,2,NULL,'2015-02-22 13:17:19','2015-02-22 13:17:19',NULL),(769,NULL,'757528001872','','CHIPS FUEGO 46 GR. ','',7,9,NULL,NULL,NULL,NULL,NULL,NULL,1,NULL,'2015-02-22 13:17:19','2015-02-22 13:17:19',NULL),(770,NULL,'7501000260669','','CHIPS SAL','',7,9,NULL,NULL,NULL,NULL,NULL,NULL,3,NULL,'2015-02-22 13:17:19','2015-02-22 13:17:19',NULL),(771,NULL,'7501000260676','','CHIPS ADOBADAS 46 GR.','',7,9,NULL,NULL,NULL,NULL,NULL,NULL,3,NULL,'2015-02-22 13:17:19','2015-02-22 13:17:19',NULL),(772,NULL,'7501000264841','','TOSTACHOS JALAPEÑO 70 GR.','',5.45,7,NULL,NULL,NULL,NULL,NULL,NULL,3,NULL,'2015-02-22 13:17:19','2015-02-22 13:17:19',NULL),(773,NULL,'7501000360604','','TOREADAS HABANERO 40 GR.','',7,8,NULL,NULL,NULL,NULL,NULL,NULL,2,NULL,'2015-02-22 13:17:19','2015-02-22 13:17:19',NULL),(774,NULL,'757528002022','','CHURRITOS CHILE Y LIMON 50 GR.','',3.89,5,NULL,NULL,NULL,NULL,NULL,NULL,5,NULL,'2015-02-22 13:17:19','2015-02-22 13:17:19',NULL),(775,NULL,'757528017286','','CHURRITOS FUEGO 50 GR. ','',3.89,5,NULL,NULL,NULL,NULL,NULL,NULL,1,NULL,'2015-02-22 13:17:19','2015-02-22 13:17:19',NULL),(776,NULL,'7501000148288','','TAKIS HUACAMOLE 62 GR.','',5.44,7,NULL,NULL,NULL,NULL,NULL,NULL,3,NULL,'2015-02-22 13:17:19','2015-02-22 13:17:19',NULL),(777,NULL,'757528019297','','TAKIS PARTY 62 GR.','',5.44,7,NULL,NULL,NULL,NULL,NULL,NULL,4,NULL,'2015-02-22 13:17:19','2015-02-22 13:17:19',NULL),(778,NULL,'757528019372','','TAKIS ROCK 62 GR.','',5.44,7,NULL,NULL,NULL,NULL,NULL,NULL,4,NULL,'2015-02-22 13:17:19','2015-02-22 13:17:19',NULL),(779,NULL,'7501000166923','','TAKIS SALSA BRAVA 62 GR.','',5.44,7,NULL,NULL,NULL,NULL,NULL,NULL,3,NULL,'2015-02-22 13:17:19','2015-02-22 13:17:19',NULL),(780,NULL,'7501000164370','','TAKIS ORIGINAL 62 GR. ','',5.44,7,NULL,NULL,NULL,NULL,NULL,NULL,3,NULL,'2015-02-22 13:17:19','2015-02-22 13:17:19',NULL),(781,NULL,'7501000264834','','CHIP-OTLES QUESO 52 GR.','',5.44,6,NULL,NULL,NULL,NULL,NULL,NULL,3,NULL,'2015-02-22 13:17:19','2015-02-22 13:17:19',NULL),(782,NULL,'7501000222612','','RUNNERS 58 GR.','',5.44,6,NULL,NULL,NULL,NULL,NULL,NULL,2,NULL,'2015-02-22 13:17:19','2015-02-22 13:17:19',NULL),(783,NULL,'7501055334001','','VALLE JUGO MANGO 453ML.','',8,10,NULL,NULL,NULL,NULL,NULL,NULL,0,NULL,'2015-02-24 09:07:36','2015-02-24 09:07:36',NULL),(784,NULL,'7501055334018','','DEL VALLE JUGO DE  DURAZNO','',8,10,NULL,NULL,NULL,NULL,NULL,NULL,0,NULL,'2015-02-24 09:07:36','2015-02-24 09:07:36',NULL),(785,NULL,'501761846515','','AVENA 250G.','',8,10,NULL,NULL,NULL,NULL,NULL,NULL,0,NULL,'2015-02-24 09:07:36','2015-02-24 09:07:36',NULL),(786,NULL,'7501761810455','','AVENA 400G.','',14,15,NULL,NULL,NULL,NULL,NULL,NULL,0,NULL,'2015-02-24 09:07:36','2015-02-24 09:07:36',NULL),(787,NULL,'501020515398','','LALA DESLACTOSADA','',16,17,NULL,NULL,NULL,NULL,NULL,NULL,-1,NULL,'2015-02-24 09:07:36','2015-02-24 09:07:36',NULL),(788,NULL,'Tx961-00015','','HUEVO','',1.5,2.5,NULL,NULL,NULL,NULL,NULL,NULL,330,NULL,'2015-02-24 09:07:36','2015-02-24 09:07:36',NULL),(789,NULL,'Tx961-00022','','TORTILLA 500 GR.','',4,5,NULL,NULL,NULL,NULL,NULL,NULL,0,NULL,'2015-02-24 09:07:36','2015-02-24 09:07:36',NULL),(790,NULL,'Tx961-00016','','TORTILLA 1 KG.','',9,10,NULL,NULL,NULL,NULL,NULL,NULL,-1,NULL,'2015-02-24 09:07:36','2015-02-24 09:07:36',NULL),(791,NULL,'Tx961-00023','','CHULETA DE PUERCO','',18,20,NULL,NULL,NULL,NULL,NULL,NULL,1,NULL,'2015-02-24 09:07:36','2015-02-24 09:07:36',NULL),(792,NULL,'Tx961-00017','','PAPEL SUAVEL','',2,3,NULL,NULL,NULL,NULL,NULL,NULL,335,NULL,'2015-02-24 09:07:36','2015-02-24 09:07:36',NULL);

/*Table structure for table `productos_copy` */

DROP TABLE IF EXISTS `productos_copy`;

CREATE TABLE `productos_copy` (
  `idProductos` int(11) NOT NULL,
  `idCategoria` int(11) NOT NULL,
  `CodigoBarra` longtext,
  `Clave` longtext,
  `Producto` longtext,
  `Descripcion` longtext,
  `Costo` double DEFAULT NULL,
  `PVenta` double DEFAULT NULL,
  `IVA` double DEFAULT NULL,
  `TieneIVA` int(11) DEFAULT NULL,
  `idUnidadMedida` int(11) NOT NULL,
  `idMarcas` int(11) NOT NULL,
  `Foto` longtext,
  `FotoLocal` longtext,
  `Inventario` int(11) DEFAULT NULL,
  `PReorden` int(11) DEFAULT NULL,
  `LastUpdate` longtext,
  `FechaHora` longtext,
  `IMEI` longtext,
  PRIMARY KEY (`idProductos`)
) ENGINE=InnoDB DEFAULT CHARSET=latin1;

/*Data for the table `productos_copy` */

/*Table structure for table `productos_proveedores` */

DROP TABLE IF EXISTS `productos_proveedores`;

CREATE TABLE `productos_proveedores` (
  `idProductos` int(11) NOT NULL,
  `idProveedores` int(11) NOT NULL,
  `Costo` double DEFAULT NULL,
  `IVA` double DEFAULT NULL,
  `LastUpdate` longtext,
  `FechaHora` longtext,
  `Margen` double DEFAULT NULL,
  `TipoMargen` longtext,
  `IMEI` longtext,
  PRIMARY KEY (`idProductos`,`idProveedores`)
) ENGINE=InnoDB DEFAULT CHARSET=latin1;

/*Data for the table `productos_proveedores` */

insert  into `productos_proveedores`(`idProductos`,`idProveedores`,`Costo`,`IVA`,`LastUpdate`,`FechaHora`,`Margen`,`TipoMargen`,`IMEI`) values (1,1,20,NULL,'2015-02-09 17:11:53','2015-02-09 17:11:53',NULL,NULL,NULL),(2,1,30,NULL,'2015-02-09 17:11:53','2015-02-09 17:11:53',NULL,NULL,NULL),(3,1,50,NULL,'2015-02-09 17:11:53','2015-02-09 17:11:53',NULL,NULL,NULL),(4,1,100,NULL,'2015-02-09 17:11:53','2015-02-09 17:11:53',NULL,NULL,NULL),(5,1,150,NULL,'2015-02-09 17:11:53','2015-02-09 17:11:53',NULL,NULL,NULL),(6,1,200,NULL,'2015-02-09 17:11:53','2015-02-09 17:11:53',NULL,NULL,NULL),(7,1,300,NULL,'2015-02-09 17:11:53','2015-02-09 17:11:53',NULL,NULL,NULL),(8,1,500,NULL,'2015-02-09 17:11:53','2015-02-09 17:11:53',NULL,NULL,NULL),(9,1,10,NULL,'2015-02-09 17:11:53','2015-02-09 17:11:53',NULL,NULL,NULL),(10,1,20,NULL,'2015-02-09 17:11:53','2015-02-09 17:11:53',NULL,NULL,NULL),(11,1,30,NULL,'2015-02-09 17:11:53','2015-02-09 17:11:53',NULL,NULL,NULL),(12,1,50,NULL,'2015-02-09 17:11:53','2015-02-09 17:11:53',NULL,NULL,NULL),(13,1,60,NULL,'2015-02-09 17:11:53','2015-02-09 17:11:53',NULL,NULL,NULL),(14,1,100,NULL,'2015-02-09 17:11:53','2015-02-09 17:11:53',NULL,NULL,NULL),(15,1,120,NULL,'2015-02-09 17:11:53','2015-02-09 17:11:53',NULL,NULL,NULL),(16,1,150,NULL,'2015-02-09 17:11:53','2015-02-09 17:11:53',NULL,NULL,NULL),(17,1,200,NULL,'2015-02-09 17:11:53','2015-02-09 17:11:53',NULL,NULL,NULL),(18,1,300,NULL,'2015-02-09 17:11:53','2015-02-09 17:11:53',NULL,NULL,NULL),(19,1,500,NULL,'2015-02-09 17:11:53','2015-02-09 17:11:53',NULL,NULL,NULL),(20,1,30,NULL,'2015-02-09 17:11:53','2015-02-09 17:11:53',NULL,NULL,NULL),(21,1,50,NULL,'2015-02-09 17:11:53','2015-02-09 17:11:53',NULL,NULL,NULL),(22,1,100,NULL,'2015-02-09 17:11:53','2015-02-09 17:11:53',NULL,NULL,NULL),(23,1,150,NULL,'2015-02-09 17:11:53','2015-02-09 17:11:53',NULL,NULL,NULL),(24,1,200,NULL,'2015-02-09 17:11:53','2015-02-09 17:11:53',NULL,NULL,NULL),(25,1,300,NULL,'2015-02-09 17:11:53','2015-02-09 17:11:53',NULL,NULL,NULL),(26,1,500,NULL,'2015-02-09 17:11:53','2015-02-09 17:11:53',NULL,NULL,NULL),(27,1,30,NULL,'2015-02-09 17:11:53','2015-02-09 17:11:53',NULL,NULL,NULL),(28,1,50,NULL,'2015-02-09 17:11:53','2015-02-09 17:11:53',NULL,NULL,NULL),(29,1,100,NULL,'2015-02-09 17:11:53','2015-02-09 17:11:53',NULL,NULL,NULL),(30,1,200,NULL,'2015-02-09 17:11:53','2015-02-09 17:11:53',NULL,NULL,NULL),(31,1,300,NULL,'2015-02-09 17:11:53','2015-02-09 17:11:53',NULL,NULL,NULL),(32,1,500,NULL,'2015-02-09 17:11:53','2015-02-09 17:11:53',NULL,NULL,NULL),(33,2,1,NULL,'2015-02-09 17:11:54','2015-02-09 17:11:54',NULL,NULL,NULL),(34,2,1,NULL,'2015-02-09 17:11:54','2015-02-09 17:11:54',NULL,NULL,NULL),(35,2,1,NULL,'2015-02-09 17:11:54','2015-02-09 17:11:54',NULL,NULL,NULL),(36,2,1,NULL,'2015-02-09 17:11:54','2015-02-09 17:11:54',NULL,NULL,NULL),(37,2,1,NULL,'2015-02-09 17:11:54','2015-02-09 17:11:54',NULL,NULL,NULL),(38,2,1,NULL,'2015-02-09 17:11:54','2015-02-09 17:11:54',NULL,NULL,NULL),(39,2,1,NULL,'2015-02-09 17:11:54','2015-02-09 17:11:54',NULL,NULL,NULL),(40,2,1,NULL,'2015-02-09 17:11:54','2015-02-09 17:11:54',NULL,NULL,NULL),(41,2,1,NULL,'2015-02-09 17:11:54','2015-02-09 17:11:54',NULL,NULL,NULL),(42,2,1,NULL,'2015-02-09 17:11:54','2015-02-09 17:11:54',NULL,NULL,NULL),(43,2,1,NULL,'2015-02-09 17:11:54','2015-02-09 17:11:54',NULL,NULL,NULL),(44,2,1,NULL,'2015-02-09 17:11:54','2015-02-09 17:11:54',NULL,NULL,NULL),(45,2,1,NULL,'2015-02-09 17:11:54','2015-02-09 17:11:54',NULL,NULL,NULL),(46,2,1,NULL,'2015-02-09 17:11:54','2015-02-09 17:11:54',NULL,NULL,NULL),(47,2,1,NULL,'2015-02-09 17:11:54','2015-02-09 17:11:54',NULL,NULL,NULL),(48,2,1,NULL,'2015-02-09 17:11:54','2015-02-09 17:11:54',NULL,NULL,NULL),(49,2,1,NULL,'2015-02-09 17:11:54','2015-02-09 17:11:54',NULL,NULL,NULL),(50,2,1,NULL,'2015-02-09 17:11:54','2015-02-09 17:11:54',NULL,NULL,NULL),(51,2,1,NULL,'2015-02-09 17:11:54','2015-02-09 17:11:54',NULL,NULL,NULL),(52,2,9,NULL,'2015-02-09 17:11:54','2015-02-09 17:11:54',NULL,NULL,NULL),(53,2,1,NULL,'2015-02-09 17:11:54','2015-02-09 17:11:54',NULL,NULL,NULL),(54,2,1,NULL,'2015-02-09 17:11:54','2015-02-09 17:11:54',NULL,NULL,NULL),(55,2,1,NULL,'2015-02-09 17:11:54','2015-02-09 17:11:54',NULL,NULL,NULL),(56,2,1,NULL,'2015-02-09 17:11:54','2015-02-09 17:11:54',NULL,NULL,NULL),(57,2,1,NULL,'2015-02-09 17:11:54','2015-02-09 17:11:54',NULL,NULL,NULL),(58,2,1,NULL,'2015-02-09 17:11:54','2015-02-09 17:11:54',NULL,NULL,NULL),(59,2,1,NULL,'2015-02-09 17:11:54','2015-02-09 17:11:54',NULL,NULL,NULL),(60,2,1,NULL,'2015-02-09 17:11:54','2015-02-09 17:11:54',NULL,NULL,NULL),(61,2,1,NULL,'2015-02-09 17:11:54','2015-02-09 17:11:54',NULL,NULL,NULL),(62,2,1,NULL,'2015-02-09 17:11:54','2015-02-09 17:11:54',NULL,NULL,NULL),(63,2,1,NULL,'2015-02-09 17:11:54','2015-02-09 17:11:54',NULL,NULL,NULL),(64,2,1,NULL,'2015-02-09 17:11:54','2015-02-09 17:11:54',NULL,NULL,NULL),(65,2,1,NULL,'2015-02-09 17:11:54','2015-02-09 17:11:54',NULL,NULL,NULL),(66,2,1,NULL,'2015-02-09 17:11:54','2015-02-09 17:11:54',NULL,NULL,NULL),(67,2,1,NULL,'2015-02-09 17:11:54','2015-02-09 17:11:54',NULL,NULL,NULL),(68,2,1,NULL,'2015-02-09 17:11:54','2015-02-09 17:11:54',NULL,NULL,NULL),(69,2,1,NULL,'2015-02-09 17:11:54','2015-02-09 17:11:54',NULL,NULL,NULL),(70,2,1,NULL,'2015-02-09 17:11:54','2015-02-09 17:11:54',NULL,NULL,NULL),(71,2,1,NULL,'2015-02-09 17:11:54','2015-02-09 17:11:54',NULL,NULL,NULL),(72,2,1,NULL,'2015-02-09 17:11:54','2015-02-09 17:11:54',NULL,NULL,NULL),(73,2,1,NULL,'2015-02-09 17:11:54','2015-02-09 17:11:54',NULL,NULL,NULL),(74,2,1,NULL,'2015-02-09 17:11:54','2015-02-09 17:11:54',NULL,NULL,NULL),(75,2,1,NULL,'2015-02-09 17:11:54','2015-02-09 17:11:54',NULL,NULL,NULL),(76,2,1,NULL,'2015-02-09 17:11:54','2015-02-09 17:11:54',NULL,NULL,NULL),(77,2,1,NULL,'2015-02-09 17:11:54','2015-02-09 17:11:54',NULL,NULL,NULL),(78,2,1,NULL,'2015-02-09 17:11:54','2015-02-09 17:11:54',NULL,NULL,NULL),(79,2,1,NULL,'2015-02-09 17:11:54','2015-02-09 17:11:54',NULL,NULL,NULL),(80,2,1,NULL,'2015-02-09 17:11:54','2015-02-09 17:11:54',NULL,NULL,NULL),(81,2,1,NULL,'2015-02-09 17:11:54','2015-02-09 17:11:54',NULL,NULL,NULL),(82,2,1,NULL,'2015-02-09 17:11:54','2015-02-09 17:11:54',NULL,NULL,NULL),(83,2,1,NULL,'2015-02-09 17:11:54','2015-02-09 17:11:54',NULL,NULL,NULL),(84,2,1,NULL,'2015-02-09 17:11:54','2015-02-09 17:11:54',NULL,NULL,NULL),(85,2,1,NULL,'2015-02-09 17:11:54','2015-02-09 17:11:54',NULL,NULL,NULL),(86,2,1,NULL,'2015-02-09 17:11:54','2015-02-09 17:11:54',NULL,NULL,NULL),(87,2,1,NULL,'2015-02-09 17:11:54','2015-02-09 17:11:54',NULL,NULL,NULL),(88,2,1,NULL,'2015-02-09 17:11:54','2015-02-09 17:11:54',NULL,NULL,NULL),(89,2,1,NULL,'2015-02-09 17:11:54','2015-02-09 17:11:54',NULL,NULL,NULL),(90,2,1,NULL,'2015-02-09 17:11:54','2015-02-09 17:11:54',NULL,NULL,NULL),(91,2,1,NULL,'2015-02-09 17:11:54','2015-02-09 17:11:54',NULL,NULL,NULL),(92,2,1,NULL,'2015-02-09 17:11:54','2015-02-09 17:11:54',NULL,NULL,NULL),(93,2,1,NULL,'2015-02-09 17:11:54','2015-02-09 17:11:54',NULL,NULL,NULL),(94,2,1,NULL,'2015-02-09 17:11:54','2015-02-09 17:11:54',NULL,NULL,NULL),(95,2,1,NULL,'2015-02-09 17:11:54','2015-02-09 17:11:54',NULL,NULL,NULL),(96,2,1,NULL,'2015-02-09 17:11:54','2015-02-09 17:11:54',NULL,NULL,NULL),(97,2,1,NULL,'2015-02-09 17:11:54','2015-02-09 17:11:54',NULL,NULL,NULL),(98,2,1,NULL,'2015-02-09 17:11:54','2015-02-09 17:11:54',NULL,NULL,NULL),(99,2,1,NULL,'2015-02-09 17:11:54','2015-02-09 17:11:54',NULL,NULL,NULL),(100,2,1,NULL,'2015-02-09 17:11:54','2015-02-09 17:11:54',NULL,NULL,NULL),(101,2,1,NULL,'2015-02-09 17:11:54','2015-02-09 17:11:54',NULL,NULL,NULL),(102,2,1,NULL,'2015-02-09 17:11:54','2015-02-09 17:11:54',NULL,NULL,NULL),(103,2,1,NULL,'2015-02-09 17:11:54','2015-02-09 17:11:54',NULL,NULL,NULL),(104,2,1,NULL,'2015-02-09 17:11:54','2015-02-09 17:11:54',NULL,NULL,NULL),(105,2,1,NULL,'2015-02-09 17:11:54','2015-02-09 17:11:54',NULL,NULL,NULL),(106,2,1,NULL,'2015-02-09 17:11:54','2015-02-09 17:11:54',NULL,NULL,NULL),(107,2,1,NULL,'2015-02-09 17:11:54','2015-02-09 17:11:54',NULL,NULL,NULL),(108,2,1,NULL,'2015-02-09 17:11:54','2015-02-09 17:11:54',NULL,NULL,NULL),(109,2,1,NULL,'2015-02-09 17:11:54','2015-02-09 17:11:54',NULL,NULL,NULL),(110,2,1,NULL,'2015-02-09 17:11:54','2015-02-09 17:11:54',NULL,NULL,NULL),(111,2,1,NULL,'2015-02-09 17:11:54','2015-02-09 17:11:54',NULL,NULL,NULL),(112,2,1,NULL,'2015-02-09 17:11:54','2015-02-09 17:11:54',NULL,NULL,NULL),(113,2,1,NULL,'2015-02-09 17:11:54','2015-02-09 17:11:54',NULL,NULL,NULL),(114,2,1,NULL,'2015-02-09 17:11:54','2015-02-09 17:11:54',NULL,NULL,NULL),(115,2,1,NULL,'2015-02-09 17:11:54','2015-02-09 17:11:54',NULL,NULL,NULL),(116,2,1,NULL,'2015-02-09 17:11:54','2015-02-09 17:11:54',NULL,NULL,NULL),(117,2,1,NULL,'2015-02-09 17:11:54','2015-02-09 17:11:54',NULL,NULL,NULL),(118,2,1,NULL,'2015-02-09 17:11:54','2015-02-09 17:11:54',NULL,NULL,NULL),(119,2,1,NULL,'2015-02-09 17:11:54','2015-02-09 17:11:54',NULL,NULL,NULL),(120,2,1,NULL,'2015-02-09 17:11:54','2015-02-09 17:11:54',NULL,NULL,NULL),(121,2,1,NULL,'2015-02-09 17:11:54','2015-02-09 17:11:54',NULL,NULL,NULL),(122,2,1,NULL,'2015-02-09 17:11:54','2015-02-09 17:11:54',NULL,NULL,NULL),(123,2,1,NULL,'2015-02-09 17:11:54','2015-02-09 17:11:54',NULL,NULL,NULL),(124,2,1,NULL,'2015-02-09 17:11:54','2015-02-09 17:11:54',NULL,NULL,NULL),(125,2,1,NULL,'2015-02-09 17:11:54','2015-02-09 17:11:54',NULL,NULL,NULL),(126,2,1,NULL,'2015-02-09 17:11:54','2015-02-09 17:11:54',NULL,NULL,NULL),(127,2,1,NULL,'2015-02-09 17:11:54','2015-02-09 17:11:54',NULL,NULL,NULL),(128,2,1,NULL,'2015-02-09 17:11:54','2015-02-09 17:11:54',NULL,NULL,NULL),(129,2,1,NULL,'2015-02-09 17:11:54','2015-02-09 17:11:54',NULL,NULL,NULL),(130,2,1,NULL,'2015-02-09 17:11:54','2015-02-09 17:11:54',NULL,NULL,NULL),(131,2,1,NULL,'2015-02-09 17:11:54','2015-02-09 17:11:54',NULL,NULL,NULL),(132,2,1,NULL,'2015-02-09 17:11:54','2015-02-09 17:11:54',NULL,NULL,NULL),(133,2,1,NULL,'2015-02-09 17:11:54','2015-02-09 17:11:54',NULL,NULL,NULL),(134,2,1,NULL,'2015-02-09 17:11:54','2015-02-09 17:11:54',NULL,NULL,NULL),(135,2,1,NULL,'2015-02-09 17:11:54','2015-02-09 17:11:54',NULL,NULL,NULL),(136,2,1,NULL,'2015-02-09 17:11:54','2015-02-09 17:11:54',NULL,NULL,NULL),(137,2,1,NULL,'2015-02-09 17:11:54','2015-02-09 17:11:54',NULL,NULL,NULL),(138,2,1,NULL,'2015-02-09 17:11:54','2015-02-09 17:11:54',NULL,NULL,NULL),(139,2,1,NULL,'2015-02-09 17:11:54','2015-02-09 17:11:54',NULL,NULL,NULL),(140,2,1,NULL,'2015-02-09 17:11:54','2015-02-09 17:11:54',NULL,NULL,NULL),(141,2,1,NULL,'2015-02-09 17:11:54','2015-02-09 17:11:54',NULL,NULL,NULL),(142,2,1,NULL,'2015-02-09 17:11:54','2015-02-09 17:11:54',NULL,NULL,NULL),(143,2,1,NULL,'2015-02-09 17:11:54','2015-02-09 17:11:54',NULL,NULL,NULL),(144,2,1,NULL,'2015-02-09 17:11:54','2015-02-09 17:11:54',NULL,NULL,NULL),(145,2,1,NULL,'2015-02-09 17:11:54','2015-02-09 17:11:54',NULL,NULL,NULL),(146,2,1,NULL,'2015-02-09 17:11:54','2015-02-09 17:11:54',NULL,NULL,NULL),(147,2,1,NULL,'2015-02-09 17:11:54','2015-02-09 17:11:54',NULL,NULL,NULL),(148,2,1,NULL,'2015-02-09 17:11:54','2015-02-09 17:11:54',NULL,NULL,NULL),(149,2,1,NULL,'2015-02-09 17:11:54','2015-02-09 17:11:54',NULL,NULL,NULL),(150,2,1,NULL,'2015-02-09 17:11:54','2015-02-09 17:11:54',NULL,NULL,NULL),(151,2,1,NULL,'2015-02-09 17:11:54','2015-02-09 17:11:54',NULL,NULL,NULL),(152,2,1,NULL,'2015-02-09 17:11:54','2015-02-09 17:11:54',NULL,NULL,NULL),(153,2,1,NULL,'2015-02-09 17:11:54','2015-02-09 17:11:54',NULL,NULL,NULL),(154,2,1,NULL,'2015-02-09 17:11:54','2015-02-09 17:11:54',NULL,NULL,NULL),(155,2,1,NULL,'2015-02-09 17:11:54','2015-02-09 17:11:54',NULL,NULL,NULL),(156,2,1,NULL,'2015-02-09 17:11:54','2015-02-09 17:11:54',NULL,NULL,NULL),(157,2,1,NULL,'2015-02-09 17:11:54','2015-02-09 17:11:54',NULL,NULL,NULL),(158,2,1,NULL,'2015-02-09 17:11:54','2015-02-09 17:11:54',NULL,NULL,NULL),(159,2,1,NULL,'2015-02-09 17:11:54','2015-02-09 17:11:54',NULL,NULL,NULL),(160,2,1,NULL,'2015-02-09 17:11:54','2015-02-09 17:11:54',NULL,NULL,NULL),(161,2,1,NULL,'2015-02-09 17:11:54','2015-02-09 17:11:54',NULL,NULL,NULL),(162,2,1,NULL,'2015-02-09 17:11:54','2015-02-09 17:11:54',NULL,NULL,NULL),(163,2,1,NULL,'2015-02-09 17:11:54','2015-02-09 17:11:54',NULL,NULL,NULL),(164,2,1,NULL,'2015-02-09 17:11:54','2015-02-09 17:11:54',NULL,NULL,NULL),(165,2,1,NULL,'2015-02-09 17:11:54','2015-02-09 17:11:54',NULL,NULL,NULL),(166,2,1,NULL,'2015-02-09 17:11:54','2015-02-09 17:11:54',NULL,NULL,NULL),(167,2,1,NULL,'2015-02-09 17:11:54','2015-02-09 17:11:54',NULL,NULL,NULL),(168,2,1,NULL,'2015-02-09 17:11:54','2015-02-09 17:11:54',NULL,NULL,NULL),(169,2,1,NULL,'2015-02-09 17:11:54','2015-02-09 17:11:54',NULL,NULL,NULL),(170,2,1,NULL,'2015-02-09 17:11:54','2015-02-09 17:11:54',NULL,NULL,NULL),(171,2,1,NULL,'2015-02-09 17:11:54','2015-02-09 17:11:54',NULL,NULL,NULL),(172,2,1,NULL,'2015-02-09 17:11:54','2015-02-09 17:11:54',NULL,NULL,NULL),(173,2,1,NULL,'2015-02-09 17:11:54','2015-02-09 17:11:54',NULL,NULL,NULL),(174,2,1,NULL,'2015-02-09 17:11:54','2015-02-09 17:11:54',NULL,NULL,NULL),(175,2,1,NULL,'2015-02-09 17:11:54','2015-02-09 17:11:54',NULL,NULL,NULL),(176,2,13,NULL,'2015-02-09 17:11:54','2015-02-09 17:11:54',NULL,NULL,NULL),(177,2,1,NULL,'2015-02-09 17:11:54','2015-02-09 17:11:54',NULL,NULL,NULL),(178,2,1,NULL,'2015-02-09 17:11:54','2015-02-09 17:11:54',NULL,NULL,NULL),(179,2,1,NULL,'2015-02-09 17:11:54','2015-02-09 17:11:54',NULL,NULL,NULL),(180,2,1,NULL,'2015-02-09 17:11:54','2015-02-09 17:11:54',NULL,NULL,NULL),(181,2,1,NULL,'2015-02-09 17:11:54','2015-02-09 17:11:54',NULL,NULL,NULL),(182,2,1,NULL,'2015-02-09 17:11:54','2015-02-09 17:11:54',NULL,NULL,NULL),(183,2,1,NULL,'2015-02-09 17:11:54','2015-02-09 17:11:54',NULL,NULL,NULL),(184,2,1,NULL,'2015-02-09 17:11:54','2015-02-09 17:11:54',NULL,NULL,NULL),(185,2,1,NULL,'2015-02-09 17:11:54','2015-02-09 17:11:54',NULL,NULL,NULL),(186,2,1,NULL,'2015-02-09 17:11:54','2015-02-09 17:11:54',NULL,NULL,NULL),(187,2,1,NULL,'2015-02-09 17:11:54','2015-02-09 17:11:54',NULL,NULL,NULL),(188,2,1,NULL,'2015-02-09 17:11:54','2015-02-09 17:11:54',NULL,NULL,NULL),(189,2,1,NULL,'2015-02-09 17:11:54','2015-02-09 17:11:54',NULL,NULL,NULL),(190,2,1,NULL,'2015-02-09 17:11:54','2015-02-09 17:11:54',NULL,NULL,NULL),(191,2,1,NULL,'2015-02-09 17:11:54','2015-02-09 17:11:54',NULL,NULL,NULL),(192,2,1,NULL,'2015-02-09 17:11:54','2015-02-09 17:11:54',NULL,NULL,NULL),(193,2,1,NULL,'2015-02-09 17:11:54','2015-02-09 17:11:54',NULL,NULL,NULL),(194,2,1,NULL,'2015-02-09 17:11:54','2015-02-09 17:11:54',NULL,NULL,NULL),(195,2,1,NULL,'2015-02-09 17:11:54','2015-02-09 17:11:54',NULL,NULL,NULL),(196,2,1,NULL,'2015-02-09 17:11:54','2015-02-09 17:11:54',NULL,NULL,NULL),(197,2,1,NULL,'2015-02-09 17:11:54','2015-02-09 17:11:54',NULL,NULL,NULL),(198,2,1,NULL,'2015-02-09 17:11:54','2015-02-09 17:11:54',NULL,NULL,NULL),(199,2,1,NULL,'2015-02-09 17:11:54','2015-02-09 17:11:54',NULL,NULL,NULL),(200,2,1,NULL,'2015-02-09 17:11:54','2015-02-09 17:11:54',NULL,NULL,NULL),(201,2,1,NULL,'2015-02-09 17:11:54','2015-02-09 17:11:54',NULL,NULL,NULL),(202,2,1,NULL,'2015-02-09 17:11:54','2015-02-09 17:11:54',NULL,NULL,NULL),(203,2,1,NULL,'2015-02-09 17:11:54','2015-02-09 17:11:54',NULL,NULL,NULL),(204,2,1,NULL,'2015-02-09 17:11:54','2015-02-09 17:11:54',NULL,NULL,NULL),(205,2,1,NULL,'2015-02-09 17:11:54','2015-02-09 17:11:54',NULL,NULL,NULL),(206,2,1,NULL,'2015-02-09 17:11:54','2015-02-09 17:11:54',NULL,NULL,NULL),(207,2,1,NULL,'2015-02-09 17:11:54','2015-02-09 17:11:54',NULL,NULL,NULL),(208,2,1,NULL,'2015-02-09 17:11:54','2015-02-09 17:11:54',NULL,NULL,NULL),(209,2,1,NULL,'2015-02-09 17:11:54','2015-02-09 17:11:54',NULL,NULL,NULL),(210,2,1,NULL,'2015-02-09 17:11:54','2015-02-09 17:11:54',NULL,NULL,NULL),(211,2,1,NULL,'2015-02-09 17:11:54','2015-02-09 17:11:54',NULL,NULL,NULL),(212,2,1,NULL,'2015-02-09 17:11:54','2015-02-09 17:11:54',NULL,NULL,NULL),(213,2,1,NULL,'2015-02-09 17:11:54','2015-02-09 17:11:54',NULL,NULL,NULL),(214,2,1,NULL,'2015-02-09 17:11:54','2015-02-09 17:11:54',NULL,NULL,NULL),(215,2,1,NULL,'2015-02-09 17:11:54','2015-02-09 17:11:54',NULL,NULL,NULL),(216,2,1,NULL,'2015-02-09 17:11:54','2015-02-09 17:11:54',NULL,NULL,NULL),(217,2,1,NULL,'2015-02-09 17:11:54','2015-02-09 17:11:54',NULL,NULL,NULL),(218,2,1,NULL,'2015-02-09 17:11:54','2015-02-09 17:11:54',NULL,NULL,NULL),(219,2,1,NULL,'2015-02-09 17:11:54','2015-02-09 17:11:54',NULL,NULL,NULL),(220,2,1,NULL,'2015-02-09 17:11:54','2015-02-09 17:11:54',NULL,NULL,NULL),(221,2,1,NULL,'2015-02-09 17:11:54','2015-02-09 17:11:54',NULL,NULL,NULL),(222,2,1,NULL,'2015-02-09 17:11:54','2015-02-09 17:11:54',NULL,NULL,NULL),(223,2,1,NULL,'2015-02-09 17:11:54','2015-02-09 17:11:54',NULL,NULL,NULL),(224,2,1,NULL,'2015-02-09 17:11:54','2015-02-09 17:11:54',NULL,NULL,NULL),(225,2,1,NULL,'2015-02-09 17:11:54','2015-02-09 17:11:54',NULL,NULL,NULL),(226,2,1,NULL,'2015-02-09 17:11:54','2015-02-09 17:11:54',NULL,NULL,NULL),(227,2,1,NULL,'2015-02-09 17:11:54','2015-02-09 17:11:54',NULL,NULL,NULL),(228,2,1,NULL,'2015-02-09 17:11:54','2015-02-09 17:11:54',NULL,NULL,NULL),(229,2,1,NULL,'2015-02-09 17:11:54','2015-02-09 17:11:54',NULL,NULL,NULL),(230,2,1,NULL,'2015-02-09 17:11:54','2015-02-09 17:11:54',NULL,NULL,NULL),(231,2,1,NULL,'2015-02-09 17:11:54','2015-02-09 17:11:54',NULL,NULL,NULL),(232,2,1,NULL,'2015-02-09 17:11:54','2015-02-09 17:11:54',NULL,NULL,NULL),(233,2,1,NULL,'2015-02-09 17:11:54','2015-02-09 17:11:54',NULL,NULL,NULL),(234,2,1,NULL,'2015-02-09 17:11:54','2015-02-09 17:11:54',NULL,NULL,NULL),(235,2,1,NULL,'2015-02-09 17:11:54','2015-02-09 17:11:54',NULL,NULL,NULL),(236,2,1,NULL,'2015-02-09 17:11:54','2015-02-09 17:11:54',NULL,NULL,NULL),(237,2,1,NULL,'2015-02-09 17:11:54','2015-02-09 17:11:54',NULL,NULL,NULL),(238,2,1,NULL,'2015-02-09 17:11:54','2015-02-09 17:11:54',NULL,NULL,NULL),(239,2,1,NULL,'2015-02-09 17:11:54','2015-02-09 17:11:54',NULL,NULL,NULL),(240,2,1,NULL,'2015-02-09 17:11:54','2015-02-09 17:11:54',NULL,NULL,NULL),(241,2,1,NULL,'2015-02-09 17:11:54','2015-02-09 17:11:54',NULL,NULL,NULL),(242,2,1,NULL,'2015-02-09 17:11:54','2015-02-09 17:11:54',NULL,NULL,NULL),(243,2,1,NULL,'2015-02-09 17:11:54','2015-02-09 17:11:54',NULL,NULL,NULL),(244,2,1,NULL,'2015-02-09 17:11:54','2015-02-09 17:11:54',NULL,NULL,NULL),(245,2,1,NULL,'2015-02-09 17:11:54','2015-02-09 17:11:54',NULL,NULL,NULL),(246,2,1,NULL,'2015-02-09 17:11:54','2015-02-09 17:11:54',NULL,NULL,NULL),(247,2,1,NULL,'2015-02-09 17:11:54','2015-02-09 17:11:54',NULL,NULL,NULL),(248,2,1,NULL,'2015-02-09 17:11:54','2015-02-09 17:11:54',NULL,NULL,NULL),(249,2,1,NULL,'2015-02-09 17:11:54','2015-02-09 17:11:54',NULL,NULL,NULL),(250,2,1,NULL,'2015-02-09 17:11:54','2015-02-09 17:11:54',NULL,NULL,NULL),(251,2,1,NULL,'2015-02-09 17:11:54','2015-02-09 17:11:54',NULL,NULL,NULL),(252,2,1,NULL,'2015-02-09 17:11:54','2015-02-09 17:11:54',NULL,NULL,NULL),(253,2,1,NULL,'2015-02-09 17:11:54','2015-02-09 17:11:54',NULL,NULL,NULL),(254,2,1,NULL,'2015-02-09 17:11:54','2015-02-09 17:11:54',NULL,NULL,NULL),(255,2,1,NULL,'2015-02-09 17:11:54','2015-02-09 17:11:54',NULL,NULL,NULL),(256,2,1,NULL,'2015-02-09 17:11:54','2015-02-09 17:11:54',NULL,NULL,NULL),(257,2,1,NULL,'2015-02-09 17:11:54','2015-02-09 17:11:54',NULL,NULL,NULL),(258,2,1,NULL,'2015-02-09 17:11:54','2015-02-09 17:11:54',NULL,NULL,NULL),(259,2,1,NULL,'2015-02-09 17:11:54','2015-02-09 17:11:54',NULL,NULL,NULL),(260,2,1,NULL,'2015-02-09 17:11:54','2015-02-09 17:11:54',NULL,NULL,NULL),(261,2,1,NULL,'2015-02-09 17:11:54','2015-02-09 17:11:54',NULL,NULL,NULL),(262,2,1,NULL,'2015-02-09 17:11:54','2015-02-09 17:11:54',NULL,NULL,NULL),(263,2,1,NULL,'2015-02-09 17:11:54','2015-02-09 17:11:54',NULL,NULL,NULL),(264,2,1,NULL,'2015-02-09 17:11:54','2015-02-09 17:11:54',NULL,NULL,NULL),(265,2,1,NULL,'2015-02-09 17:11:54','2015-02-09 17:11:54',NULL,NULL,NULL),(266,2,1,NULL,'2015-02-09 17:11:54','2015-02-09 17:11:54',NULL,NULL,NULL),(267,2,1,NULL,'2015-02-09 17:11:54','2015-02-09 17:11:54',NULL,NULL,NULL),(268,2,1,NULL,'2015-02-09 17:11:54','2015-02-09 17:11:54',NULL,NULL,NULL),(269,2,1,NULL,'2015-02-09 17:11:54','2015-02-09 17:11:54',NULL,NULL,NULL),(270,2,1,NULL,'2015-02-09 17:11:54','2015-02-09 17:11:54',NULL,NULL,NULL),(271,2,1,NULL,'2015-02-09 17:11:54','2015-02-09 17:11:54',NULL,NULL,NULL),(272,2,1,NULL,'2015-02-09 17:11:54','2015-02-09 17:11:54',NULL,NULL,NULL),(273,2,1,NULL,'2015-02-09 17:11:54','2015-02-09 17:11:54',NULL,NULL,NULL),(274,2,1,NULL,'2015-02-09 17:11:54','2015-02-09 17:11:54',NULL,NULL,NULL),(275,2,1,NULL,'2015-02-09 17:11:54','2015-02-09 17:11:54',NULL,NULL,NULL),(276,2,1,NULL,'2015-02-09 17:11:54','2015-02-09 17:11:54',NULL,NULL,NULL),(277,2,1,NULL,'2015-02-09 17:11:54','2015-02-09 17:11:54',NULL,NULL,NULL),(278,2,1,NULL,'2015-02-09 17:11:54','2015-02-09 17:11:54',NULL,NULL,NULL),(279,2,1,NULL,'2015-02-09 17:11:54','2015-02-09 17:11:54',NULL,NULL,NULL),(280,2,1,NULL,'2015-02-09 17:11:54','2015-02-09 17:11:54',NULL,NULL,NULL),(281,2,1,NULL,'2015-02-09 17:11:54','2015-02-09 17:11:54',NULL,NULL,NULL),(282,2,1,NULL,'2015-02-09 17:11:54','2015-02-09 17:11:54',NULL,NULL,NULL),(283,2,1,NULL,'2015-02-09 17:11:54','2015-02-09 17:11:54',NULL,NULL,NULL),(284,2,1,NULL,'2015-02-09 17:11:54','2015-02-09 17:11:54',NULL,NULL,NULL),(285,2,1,NULL,'2015-02-09 17:11:54','2015-02-09 17:11:54',NULL,NULL,NULL),(286,2,1,NULL,'2015-02-09 17:11:54','2015-02-09 17:11:54',NULL,NULL,NULL),(287,2,1,NULL,'2015-02-09 17:11:54','2015-02-09 17:11:54',NULL,NULL,NULL),(288,2,1,NULL,'2015-02-09 17:11:54','2015-02-09 17:11:54',NULL,NULL,NULL),(289,2,1,NULL,'2015-02-09 17:11:54','2015-02-09 17:11:54',NULL,NULL,NULL),(290,2,1,NULL,'2015-02-09 17:11:54','2015-02-09 17:11:54',NULL,NULL,NULL),(291,2,1,NULL,'2015-02-09 17:11:54','2015-02-09 17:11:54',NULL,NULL,NULL),(292,2,1,NULL,'2015-02-09 17:11:54','2015-02-09 17:11:54',NULL,NULL,NULL),(293,2,1,NULL,'2015-02-09 17:11:54','2015-02-09 17:11:54',NULL,NULL,NULL),(294,2,1,NULL,'2015-02-09 17:11:54','2015-02-09 17:11:54',NULL,NULL,NULL),(295,2,1,NULL,'2015-02-09 17:11:54','2015-02-09 17:11:54',NULL,NULL,NULL),(296,2,1,NULL,'2015-02-09 17:11:54','2015-02-09 17:11:54',NULL,NULL,NULL),(297,2,1,NULL,'2015-02-09 17:11:54','2015-02-09 17:11:54',NULL,NULL,NULL),(298,2,1,NULL,'2015-02-09 17:11:54','2015-02-09 17:11:54',NULL,NULL,NULL),(299,2,1,NULL,'2015-02-09 17:11:54','2015-02-09 17:11:54',NULL,NULL,NULL),(300,2,1,NULL,'2015-02-09 17:11:54','2015-02-09 17:11:54',NULL,NULL,NULL),(301,2,1,NULL,'2015-02-09 17:11:54','2015-02-09 17:11:54',NULL,NULL,NULL),(302,2,1,NULL,'2015-02-09 17:11:54','2015-02-09 17:11:54',NULL,NULL,NULL),(303,2,1,NULL,'2015-02-09 17:11:54','2015-02-09 17:11:54',NULL,NULL,NULL),(304,2,1,NULL,'2015-02-09 17:11:54','2015-02-09 17:11:54',NULL,NULL,NULL),(305,2,1,NULL,'2015-02-09 17:11:54','2015-02-09 17:11:54',NULL,NULL,NULL),(306,2,4,NULL,'2015-02-09 17:11:54','2015-02-09 17:11:54',NULL,NULL,NULL),(307,2,4,NULL,'2015-02-09 17:11:54','2015-02-09 17:11:54',NULL,NULL,NULL),(308,2,4,NULL,'2015-02-09 17:11:54','2015-02-09 17:11:54',NULL,NULL,NULL),(309,2,4,NULL,'2015-02-09 17:11:54','2015-02-09 17:11:54',NULL,NULL,NULL),(310,2,4,NULL,'2015-02-09 17:11:54','2015-02-09 17:11:54',NULL,NULL,NULL),(311,2,4,NULL,'2015-02-09 17:11:54','2015-02-09 17:11:54',NULL,NULL,NULL),(312,2,1.8,NULL,'2015-02-09 17:11:54','2015-02-09 17:11:54',NULL,NULL,NULL),(313,2,1.8,NULL,'2015-02-09 17:11:54','2015-02-09 17:11:54',NULL,NULL,NULL),(314,2,1.8,NULL,'2015-02-09 17:11:54','2015-02-09 17:11:54',NULL,NULL,NULL),(315,2,1.8,NULL,'2015-02-09 17:11:54','2015-02-09 17:11:54',NULL,NULL,NULL),(316,2,1.8,NULL,'2015-02-09 17:11:54','2015-02-09 17:11:54',NULL,NULL,NULL),(317,2,1.8,NULL,'2015-02-09 17:11:54','2015-02-09 17:11:54',NULL,NULL,NULL),(318,2,1.8,NULL,'2015-02-09 17:11:54','2015-02-09 17:11:54',NULL,NULL,NULL),(319,2,1.8,NULL,'2015-02-09 17:11:54','2015-02-09 17:11:54',NULL,NULL,NULL),(320,2,1.8,NULL,'2015-02-09 17:11:54','2015-02-09 17:11:54',NULL,NULL,NULL),(321,2,1.8,NULL,'2015-02-09 17:11:54','2015-02-09 17:11:54',NULL,NULL,NULL),(322,2,1.8,NULL,'2015-02-09 17:11:54','2015-02-09 17:11:54',NULL,NULL,NULL),(323,2,1.8,NULL,'2015-02-09 17:11:54','2015-02-09 17:11:54',NULL,NULL,NULL),(324,2,1.8,NULL,'2015-02-09 17:11:54','2015-02-09 17:11:54',NULL,NULL,NULL),(325,2,1.8,NULL,'2015-02-09 17:11:54','2015-02-09 17:11:54',NULL,NULL,NULL),(326,2,0.5,NULL,'2015-02-09 17:11:54','2015-02-09 17:11:54',NULL,NULL,NULL),(327,2,1.8,NULL,'2015-02-09 17:11:54','2015-02-09 17:11:54',NULL,NULL,NULL),(328,2,0.5,NULL,'2015-02-09 17:11:54','2015-02-09 17:11:54',NULL,NULL,NULL),(329,2,0.5,NULL,'2015-02-09 17:11:54','2015-02-09 17:11:54',NULL,NULL,NULL),(330,2,0.5,NULL,'2015-02-09 17:11:54','2015-02-09 17:11:54',NULL,NULL,NULL),(331,2,0.5,NULL,'2015-02-09 17:11:54','2015-02-09 17:11:54',NULL,NULL,NULL),(332,2,0.5,NULL,'2015-02-09 17:11:54','2015-02-09 17:11:54',NULL,NULL,NULL),(333,2,0.5,NULL,'2015-02-09 17:11:54','2015-02-09 17:11:54',NULL,NULL,NULL),(334,2,0.5,NULL,'2015-02-09 17:11:54','2015-02-09 17:11:54',NULL,NULL,NULL),(335,2,0.5,NULL,'2015-02-09 17:11:54','2015-02-09 17:11:54',NULL,NULL,NULL),(336,2,0.5,NULL,'2015-02-09 17:11:54','2015-02-09 17:11:54',NULL,NULL,NULL),(337,2,0.5,NULL,'2015-02-09 17:11:54','2015-02-09 17:11:54',NULL,NULL,NULL),(338,2,0.5,NULL,'2015-02-09 17:11:54','2015-02-09 17:11:54',NULL,NULL,NULL),(339,2,0.5,NULL,'2015-02-09 17:11:54','2015-02-09 17:11:54',NULL,NULL,NULL),(340,2,0.5,NULL,'2015-02-09 17:11:54','2015-02-09 17:11:54',NULL,NULL,NULL),(341,2,0.5,NULL,'2015-02-09 17:11:54','2015-02-09 17:11:54',NULL,NULL,NULL),(342,2,1,NULL,'2015-02-09 17:11:54','2015-02-09 17:11:54',NULL,NULL,NULL),(343,2,0.5,NULL,'2015-02-09 17:11:54','2015-02-09 17:11:54',NULL,NULL,NULL),(344,2,0.5,NULL,'2015-02-09 17:11:54','2015-02-09 17:11:54',NULL,NULL,NULL),(345,2,0.5,NULL,'2015-02-09 17:11:54','2015-02-09 17:11:54',NULL,NULL,NULL),(346,2,0.5,NULL,'2015-02-09 17:11:54','2015-02-09 17:11:54',NULL,NULL,NULL),(347,2,0.5,NULL,'2015-02-09 17:11:54','2015-02-09 17:11:54',NULL,NULL,NULL),(348,2,0.5,NULL,'2015-02-09 17:11:54','2015-02-09 17:11:54',NULL,NULL,NULL),(349,2,0.5,NULL,'2015-02-09 17:11:54','2015-02-09 17:11:54',NULL,NULL,NULL),(350,2,0.5,NULL,'2015-02-09 17:11:54','2015-02-09 17:11:54',NULL,NULL,NULL),(351,2,0.5,NULL,'2015-02-09 17:11:54','2015-02-09 17:11:54',NULL,NULL,NULL),(352,2,3,NULL,'2015-02-09 17:11:54','2015-02-09 17:11:54',NULL,NULL,NULL),(353,2,2.9,NULL,'2015-02-09 17:11:54','2015-02-09 17:11:54',NULL,NULL,NULL),(354,2,1,NULL,'2015-02-09 17:11:54','2015-02-09 17:11:54',NULL,NULL,NULL),(355,2,4.8,NULL,'2015-02-09 17:11:54','2015-02-09 17:11:54',NULL,NULL,NULL),(356,2,4.8,NULL,'2015-02-09 17:11:54','2015-02-09 17:11:54',NULL,NULL,NULL),(357,2,4.8,NULL,'2015-02-09 17:11:54','2015-02-09 17:11:54',NULL,NULL,NULL),(358,2,4.8,NULL,'2015-02-09 17:11:54','2015-02-09 17:11:54',NULL,NULL,NULL),(359,2,1,NULL,'2015-02-09 17:11:54','2015-02-09 17:11:54',NULL,NULL,NULL),(360,2,1,NULL,'2015-02-09 17:11:54','2015-02-09 17:11:54',NULL,NULL,NULL),(361,2,1,NULL,'2015-02-09 17:11:54','2015-02-09 17:11:54',NULL,NULL,NULL),(362,2,1,NULL,'2015-02-09 17:11:54','2015-02-09 17:11:54',NULL,NULL,NULL),(363,2,1,NULL,'2015-02-09 17:11:54','2015-02-09 17:11:54',NULL,NULL,NULL),(364,2,1,NULL,'2015-02-09 17:11:54','2015-02-09 17:11:54',NULL,NULL,NULL),(365,2,2.5,NULL,'2015-02-09 17:11:54','2015-02-09 17:11:54',NULL,NULL,NULL),(366,2,4,NULL,'2015-02-09 17:11:54','2015-02-09 17:11:54',NULL,NULL,NULL),(367,2,3.7,NULL,'2015-02-09 17:11:54','2015-02-09 17:11:54',NULL,NULL,NULL),(368,2,2.5,NULL,'2015-02-09 17:11:54','2015-02-09 17:11:54',NULL,NULL,NULL),(369,2,1.5,NULL,'2015-02-09 17:11:54','2015-02-09 17:11:54',NULL,NULL,NULL),(370,2,4.8,NULL,'2015-02-09 17:11:54','2015-02-09 17:11:54',NULL,NULL,NULL),(371,2,3.8,NULL,'2015-02-09 17:11:54','2015-02-09 17:11:54',NULL,NULL,NULL),(372,2,2.6,NULL,'2015-02-09 17:11:54','2015-02-09 17:11:54',NULL,NULL,NULL),(373,2,2.2,NULL,'2015-02-09 17:11:54','2015-02-09 17:11:54',NULL,NULL,NULL),(374,2,1.49,NULL,'2015-02-09 17:11:54','2015-02-09 17:11:54',NULL,NULL,NULL),(375,2,3,NULL,'2015-02-09 17:11:54','2015-02-09 17:11:54',NULL,NULL,NULL),(376,2,2.2,NULL,'2015-02-09 17:11:54','2015-02-09 17:11:54',NULL,NULL,NULL),(377,2,1.86,NULL,'2015-02-09 17:11:54','2015-02-09 17:11:54',NULL,NULL,NULL),(378,2,2.82,NULL,'2015-02-09 17:11:54','2015-02-09 17:11:54',NULL,NULL,NULL),(379,2,1.86,NULL,'2015-02-09 17:11:54','2015-02-09 17:11:54',NULL,NULL,NULL),(380,2,1.86,NULL,'2015-02-09 17:11:54','2015-02-09 17:11:54',NULL,NULL,NULL),(381,2,1.86,NULL,'2015-02-09 17:11:54','2015-02-09 17:11:54',NULL,NULL,NULL),(382,2,4,NULL,'2015-02-09 17:11:54','2015-02-09 17:11:54',NULL,NULL,NULL),(383,2,6.5,NULL,'2015-02-09 17:11:54','2015-02-09 17:11:54',NULL,NULL,NULL),(384,2,4.7,NULL,'2015-02-09 17:11:54','2015-02-09 17:11:54',NULL,NULL,NULL),(385,2,5.6,NULL,'2015-02-09 17:11:54','2015-02-09 17:11:54',NULL,NULL,NULL),(386,2,7.5,NULL,'2015-02-09 17:11:54','2015-02-09 17:11:54',NULL,NULL,NULL),(387,2,11,NULL,'2015-02-09 17:11:54','2015-02-09 17:11:54',NULL,NULL,NULL),(388,2,20,NULL,'2015-02-09 17:11:54','2015-02-09 17:11:54',NULL,NULL,NULL),(389,2,26.3,NULL,'2015-02-09 17:11:54','2015-02-09 17:11:54',NULL,NULL,NULL),(390,2,5,NULL,'2015-02-09 17:11:54','2015-02-09 17:11:54',NULL,NULL,NULL),(391,2,26.3,NULL,'2015-02-09 17:11:54','2015-02-09 17:11:54',NULL,NULL,NULL),(392,2,27,NULL,'2015-02-09 17:11:54','2015-02-09 17:11:54',NULL,NULL,NULL),(393,2,5.2,NULL,'2015-02-09 17:11:54','2015-02-09 17:11:54',NULL,NULL,NULL),(394,2,3.2,NULL,'2015-02-09 17:11:54','2015-02-09 17:11:54',NULL,NULL,NULL),(395,2,12,NULL,'2015-02-09 17:11:54','2015-02-09 17:11:54',NULL,NULL,NULL),(396,2,6,NULL,'2015-02-09 17:11:54','2015-02-09 17:11:54',NULL,NULL,NULL),(397,2,3,NULL,'2015-02-09 17:11:54','2015-02-09 17:11:54',NULL,NULL,NULL),(398,2,4,NULL,'2015-02-09 17:11:54','2015-02-09 17:11:54',NULL,NULL,NULL),(399,2,14.16,NULL,'2015-02-09 17:11:54','2015-02-09 17:11:54',NULL,NULL,NULL),(400,2,2,NULL,'2015-02-09 17:11:54','2015-02-09 17:11:54',NULL,NULL,NULL),(401,2,2,NULL,'2015-02-09 17:11:54','2015-02-09 17:11:54',NULL,NULL,NULL),(402,2,4,NULL,'2015-02-09 17:11:54','2015-02-09 17:11:54',NULL,NULL,NULL),(403,2,0.5,NULL,'2015-02-09 17:11:54','2015-02-09 17:11:54',NULL,NULL,NULL),(404,2,8.5,NULL,'2015-02-09 17:11:54','2015-02-09 17:11:54',NULL,NULL,NULL),(405,2,8.2,NULL,'2015-02-09 17:11:54','2015-02-09 17:11:54',NULL,NULL,NULL),(406,2,8.5,NULL,'2015-02-09 17:11:54','2015-02-09 17:11:54',NULL,NULL,NULL),(407,2,3,NULL,'2015-02-09 17:11:54','2015-02-09 17:11:54',NULL,NULL,NULL),(408,2,1.5,NULL,'2015-02-09 17:11:54','2015-02-09 17:11:54',NULL,NULL,NULL),(409,2,12,NULL,'2015-02-09 17:11:54','2015-02-09 17:11:54',NULL,NULL,NULL),(410,2,7.8,NULL,'2015-02-09 17:11:54','2015-02-09 17:11:54',NULL,NULL,NULL),(411,2,5.6,NULL,'2015-02-09 17:11:54','2015-02-09 17:11:54',NULL,NULL,NULL),(412,2,6.9,NULL,'2015-02-09 17:11:54','2015-02-09 17:11:54',NULL,NULL,NULL),(413,2,7.1,NULL,'2015-02-09 17:11:54','2015-02-09 17:11:54',NULL,NULL,NULL),(414,2,7.8,NULL,'2015-02-09 17:11:54','2015-02-09 17:11:54',NULL,NULL,NULL),(415,2,10,NULL,'2015-02-09 17:11:54','2015-02-09 17:11:54',NULL,NULL,NULL),(416,2,3,NULL,'2015-02-09 17:11:54','2015-02-09 17:11:54',NULL,NULL,NULL),(417,2,6.9,NULL,'2015-02-09 17:11:54','2015-02-09 17:11:54',NULL,NULL,NULL),(418,2,7.1,NULL,'2015-02-09 17:11:54','2015-02-09 17:11:54',NULL,NULL,NULL),(419,2,6.9,NULL,'2015-02-09 17:11:54','2015-02-09 17:11:54',NULL,NULL,NULL),(420,2,7.8,NULL,'2015-02-09 17:11:54','2015-02-09 17:11:54',NULL,NULL,NULL),(421,2,6.9,NULL,'2015-02-09 17:11:54','2015-02-09 17:11:54',NULL,NULL,NULL),(422,2,6.9,NULL,'2015-02-09 17:11:54','2015-02-09 17:11:54',NULL,NULL,NULL),(423,2,9,NULL,'2015-02-09 17:11:54','2015-02-09 17:11:54',NULL,NULL,NULL),(424,2,7,NULL,'2015-02-09 17:11:54','2015-02-09 17:11:54',NULL,NULL,NULL),(425,2,5.8,NULL,'2015-02-09 17:11:54','2015-02-09 17:11:54',NULL,NULL,NULL),(426,2,9.8,NULL,'2015-02-09 17:11:54','2015-02-09 17:11:54',NULL,NULL,NULL),(427,2,9.8,NULL,'2015-02-09 17:11:54','2015-02-09 17:11:54',NULL,NULL,NULL),(428,2,9.8,NULL,'2015-02-09 17:11:54','2015-02-09 17:11:54',NULL,NULL,NULL),(429,2,9.8,NULL,'2015-02-09 17:11:54','2015-02-09 17:11:54',NULL,NULL,NULL),(430,2,7.9,NULL,'2015-02-09 17:11:54','2015-02-09 17:11:54',NULL,NULL,NULL),(431,2,1.5,NULL,'2015-02-09 17:11:54','2015-02-09 17:11:54',NULL,NULL,NULL),(432,2,1,NULL,'2015-02-09 17:11:54','2015-02-09 17:11:54',NULL,NULL,NULL),(433,2,3,NULL,'2015-02-09 17:11:54','2015-02-09 17:11:54',NULL,NULL,NULL),(434,2,1.59,NULL,'2015-02-09 17:11:54','2015-02-09 17:11:54',NULL,NULL,NULL),(435,2,5.6,NULL,'2015-02-09 17:11:54','2015-02-09 17:11:54',NULL,NULL,NULL),(436,2,1,NULL,'2015-02-09 17:11:54','2015-02-09 17:11:54',NULL,NULL,NULL),(437,2,4.4,NULL,'2015-02-09 17:11:54','2015-02-09 17:11:54',NULL,NULL,NULL),(438,2,1,NULL,'2015-02-09 17:11:54','2015-02-09 17:11:54',NULL,NULL,NULL),(439,2,1,NULL,'2015-02-09 17:11:54','2015-02-09 17:11:54',NULL,NULL,NULL),(440,2,1,NULL,'2015-02-09 17:11:54','2015-02-09 17:11:54',NULL,NULL,NULL),(441,2,1,NULL,'2015-02-09 17:11:54','2015-02-09 17:11:54',NULL,NULL,NULL),(442,2,1,NULL,'2015-02-09 17:11:54','2015-02-09 17:11:54',NULL,NULL,NULL),(443,2,3.5,NULL,'2015-02-09 17:11:54','2015-02-09 17:11:54',NULL,NULL,NULL),(444,2,3.5,NULL,'2015-02-09 17:11:54','2015-02-09 17:11:54',NULL,NULL,NULL),(445,2,3.5,NULL,'2015-02-09 17:11:54','2015-02-09 17:11:54',NULL,NULL,NULL),(446,2,3.5,NULL,'2015-02-09 17:11:54','2015-02-09 17:11:54',NULL,NULL,NULL),(447,2,3.5,NULL,'2015-02-09 17:11:54','2015-02-09 17:11:54',NULL,NULL,NULL),(448,2,3.5,NULL,'2015-02-09 17:11:54','2015-02-09 17:11:54',NULL,NULL,NULL),(449,2,3.5,NULL,'2015-02-09 17:11:54','2015-02-09 17:11:54',NULL,NULL,NULL),(450,2,3.5,NULL,'2015-02-09 17:11:54','2015-02-09 17:11:54',NULL,NULL,NULL),(451,2,3.5,NULL,'2015-02-09 17:11:54','2015-02-09 17:11:54',NULL,NULL,NULL),(452,2,3.5,NULL,'2015-02-09 17:11:54','2015-02-09 17:11:54',NULL,NULL,NULL),(453,2,3.5,NULL,'2015-02-09 17:11:54','2015-02-09 17:11:54',NULL,NULL,NULL),(454,2,3.5,NULL,'2015-02-09 17:11:54','2015-02-09 17:11:54',NULL,NULL,NULL),(455,2,1.16,NULL,'2015-02-09 17:11:54','2015-02-09 17:11:54',NULL,NULL,NULL),(456,2,3.5,NULL,'2015-02-09 17:11:54','2015-02-09 17:11:54',NULL,NULL,NULL),(457,2,19,NULL,'2015-02-09 17:11:54','2015-02-09 17:11:54',NULL,NULL,NULL),(458,2,0.5,NULL,'2015-02-09 17:11:54','2015-02-09 17:11:54',NULL,NULL,NULL),(459,2,0.5,NULL,'2015-02-09 17:11:54','2015-02-09 17:11:54',NULL,NULL,NULL),(460,2,0.5,NULL,'2015-02-09 17:11:54','2015-02-09 17:11:54',NULL,NULL,NULL),(461,2,1,NULL,'2015-02-09 17:11:54','2015-02-09 17:11:54',NULL,NULL,NULL),(462,2,1,NULL,'2015-02-09 17:11:54','2015-02-09 17:11:54',NULL,NULL,NULL),(463,2,1,NULL,'2015-02-09 17:11:54','2015-02-09 17:11:54',NULL,NULL,NULL),(464,2,1,NULL,'2015-02-09 17:11:54','2015-02-09 17:11:54',NULL,NULL,NULL),(465,2,1,NULL,'2015-02-09 17:11:54','2015-02-09 17:11:54',NULL,NULL,NULL),(466,2,1,NULL,'2015-02-09 17:11:54','2015-02-09 17:11:54',NULL,NULL,NULL),(467,2,1,NULL,'2015-02-09 17:11:54','2015-02-09 17:11:54',NULL,NULL,NULL),(468,2,1,NULL,'2015-02-09 17:11:54','2015-02-09 17:11:54',NULL,NULL,NULL),(469,2,1,NULL,'2015-02-09 17:11:54','2015-02-09 17:11:54',NULL,NULL,NULL),(470,2,1,NULL,'2015-02-09 17:11:54','2015-02-09 17:11:54',NULL,NULL,NULL),(471,2,1,NULL,'2015-02-09 17:11:54','2015-02-09 17:11:54',NULL,NULL,NULL),(472,2,1,NULL,'2015-02-09 17:11:54','2015-02-09 17:11:54',NULL,NULL,NULL),(473,2,1,NULL,'2015-02-09 17:11:54','2015-02-09 17:11:54',NULL,NULL,NULL),(474,2,1,NULL,'2015-02-09 17:11:54','2015-02-09 17:11:54',NULL,NULL,NULL),(475,2,1,NULL,'2015-02-09 17:11:54','2015-02-09 17:11:54',NULL,NULL,NULL),(476,2,1,NULL,'2015-02-09 17:11:54','2015-02-09 17:11:54',NULL,NULL,NULL),(477,2,1,NULL,'2015-02-09 17:11:54','2015-02-09 17:11:54',NULL,NULL,NULL),(478,2,1,NULL,'2015-02-09 17:11:54','2015-02-09 17:11:54',NULL,NULL,NULL),(479,2,1,NULL,'2015-02-09 17:11:54','2015-02-09 17:11:54',NULL,NULL,NULL),(480,2,1,NULL,'2015-02-09 17:11:54','2015-02-09 17:11:54',NULL,NULL,NULL),(481,2,1,NULL,'2015-02-09 17:11:54','2015-02-09 17:11:54',NULL,NULL,NULL),(482,2,1,NULL,'2015-02-09 17:11:54','2015-02-09 17:11:54',NULL,NULL,NULL),(483,2,1,NULL,'2015-02-09 17:11:54','2015-02-09 17:11:54',NULL,NULL,NULL),(484,2,1,NULL,'2015-02-09 17:11:54','2015-02-09 17:11:54',NULL,NULL,NULL),(485,2,1,NULL,'2015-02-09 17:11:54','2015-02-09 17:11:54',NULL,NULL,NULL),(486,2,1,NULL,'2015-02-09 17:11:54','2015-02-09 17:11:54',NULL,NULL,NULL),(487,2,1,NULL,'2015-02-09 17:11:54','2015-02-09 17:11:54',NULL,NULL,NULL),(488,2,1,NULL,'2015-02-09 17:11:54','2015-02-09 17:11:54',NULL,NULL,NULL),(489,2,1,NULL,'2015-02-09 17:11:54','2015-02-09 17:11:54',NULL,NULL,NULL),(490,2,1,NULL,'2015-02-09 17:11:54','2015-02-09 17:11:54',NULL,NULL,NULL),(491,2,1,NULL,'2015-02-09 17:11:54','2015-02-09 17:11:54',NULL,NULL,NULL),(492,2,1,NULL,'2015-02-09 17:11:54','2015-02-09 17:11:54',NULL,NULL,NULL),(493,2,1,NULL,'2015-02-09 17:11:54','2015-02-09 17:11:54',NULL,NULL,NULL),(494,2,1,NULL,'2015-02-09 17:11:54','2015-02-09 17:11:54',NULL,NULL,NULL),(495,2,1,NULL,'2015-02-09 17:11:54','2015-02-09 17:11:54',NULL,NULL,NULL),(496,2,1,NULL,'2015-02-09 17:11:54','2015-02-09 17:11:54',NULL,NULL,NULL),(497,2,1,NULL,'2015-02-09 17:11:54','2015-02-09 17:11:54',NULL,NULL,NULL),(498,2,1,NULL,'2015-02-09 17:11:54','2015-02-09 17:11:54',NULL,NULL,NULL),(499,2,1,NULL,'2015-02-09 17:11:54','2015-02-09 17:11:54',NULL,NULL,NULL),(500,2,1,NULL,'2015-02-09 17:11:54','2015-02-09 17:11:54',NULL,NULL,NULL),(501,2,1,NULL,'2015-02-09 17:11:54','2015-02-09 17:11:54',NULL,NULL,NULL),(502,2,1,NULL,'2015-02-09 17:11:54','2015-02-09 17:11:54',NULL,NULL,NULL),(503,2,1,NULL,'2015-02-09 17:11:54','2015-02-09 17:11:54',NULL,NULL,NULL),(504,2,1,NULL,'2015-02-09 17:11:54','2015-02-09 17:11:54',NULL,NULL,NULL),(505,2,1,NULL,'2015-02-09 17:11:54','2015-02-09 17:11:54',NULL,NULL,NULL),(506,2,1,NULL,'2015-02-09 17:11:54','2015-02-09 17:11:54',NULL,NULL,NULL),(507,2,1,NULL,'2015-02-09 17:11:54','2015-02-09 17:11:54',NULL,NULL,NULL),(508,2,1,NULL,'2015-02-09 17:11:54','2015-02-09 17:11:54',NULL,NULL,NULL),(509,2,1,NULL,'2015-02-09 17:11:54','2015-02-09 17:11:54',NULL,NULL,NULL),(510,2,1,NULL,'2015-02-09 17:11:54','2015-02-09 17:11:54',NULL,NULL,NULL),(511,2,1,NULL,'2015-02-09 17:11:54','2015-02-09 17:11:54',NULL,NULL,NULL),(512,2,1,NULL,'2015-02-09 17:11:54','2015-02-09 17:11:54',NULL,NULL,NULL),(513,2,1,NULL,'2015-02-09 17:11:54','2015-02-09 17:11:54',NULL,NULL,NULL),(514,2,1,NULL,'2015-02-09 17:11:54','2015-02-09 17:11:54',NULL,NULL,NULL),(515,2,1,NULL,'2015-02-09 17:11:54','2015-02-09 17:11:54',NULL,NULL,NULL),(516,2,1,NULL,'2015-02-09 17:11:54','2015-02-09 17:11:54',NULL,NULL,NULL),(517,2,1,NULL,'2015-02-09 17:11:54','2015-02-09 17:11:54',NULL,NULL,NULL),(518,2,1,NULL,'2015-02-09 17:11:54','2015-02-09 17:11:54',NULL,NULL,NULL),(519,2,1,NULL,'2015-02-09 17:11:54','2015-02-09 17:11:54',NULL,NULL,NULL),(520,2,1,NULL,'2015-02-09 17:11:54','2015-02-09 17:11:54',NULL,NULL,NULL),(521,2,1,NULL,'2015-02-09 17:11:54','2015-02-09 17:11:54',NULL,NULL,NULL),(522,2,1,NULL,'2015-02-09 17:11:54','2015-02-09 17:11:54',NULL,NULL,NULL),(523,2,1,NULL,'2015-02-09 17:11:54','2015-02-09 17:11:54',NULL,NULL,NULL),(524,2,1,NULL,'2015-02-09 17:11:54','2015-02-09 17:11:54',NULL,NULL,NULL),(525,2,1,NULL,'2015-02-09 17:11:54','2015-02-09 17:11:54',NULL,NULL,NULL),(526,2,1,NULL,'2015-02-09 17:11:54','2015-02-09 17:11:54',NULL,NULL,NULL),(527,2,3.2,NULL,'2015-02-09 17:11:54','2015-02-09 17:11:54',NULL,NULL,NULL),(528,2,2.6,NULL,'2015-02-09 17:11:54','2015-02-09 17:11:54',NULL,NULL,NULL),(529,2,1,NULL,'2015-02-09 17:11:54','2015-02-09 17:11:54',NULL,NULL,NULL),(530,2,1,NULL,'2015-02-09 17:11:54','2015-02-09 17:11:54',NULL,NULL,NULL),(531,2,1,NULL,'2015-02-09 17:11:54','2015-02-09 17:11:54',NULL,NULL,NULL),(532,2,1,NULL,'2015-02-09 17:11:54','2015-02-09 17:11:54',NULL,NULL,NULL),(533,2,1,NULL,'2015-02-09 17:11:54','2015-02-09 17:11:54',NULL,NULL,NULL),(534,2,1,NULL,'2015-02-09 17:11:54','2015-02-09 17:11:54',NULL,NULL,NULL),(535,2,1,NULL,'2015-02-09 17:11:54','2015-02-09 17:11:54',NULL,NULL,NULL),(536,2,1,NULL,'2015-02-09 17:11:54','2015-02-09 17:11:54',NULL,NULL,NULL),(537,2,1,NULL,'2015-02-09 17:11:54','2015-02-09 17:11:54',NULL,NULL,NULL),(538,2,1,NULL,'2015-02-09 17:11:54','2015-02-09 17:11:54',NULL,NULL,NULL),(539,2,1,NULL,'2015-02-09 17:11:54','2015-02-09 17:11:54',NULL,NULL,NULL),(540,2,1,NULL,'2015-02-09 17:11:54','2015-02-09 17:11:54',NULL,NULL,NULL),(541,2,1,NULL,'2015-02-09 17:11:54','2015-02-09 17:11:54',NULL,NULL,NULL),(542,2,1,NULL,'2015-02-09 17:11:54','2015-02-09 17:11:54',NULL,NULL,NULL),(543,2,1,NULL,'2015-02-09 17:11:54','2015-02-09 17:11:54',NULL,NULL,NULL),(544,2,1,NULL,'2015-02-09 17:11:54','2015-02-09 17:11:54',NULL,NULL,NULL),(545,2,1,NULL,'2015-02-09 17:11:54','2015-02-09 17:11:54',NULL,NULL,NULL),(546,2,1,NULL,'2015-02-09 17:11:54','2015-02-09 17:11:54',NULL,NULL,NULL),(547,2,1,NULL,'2015-02-09 17:11:54','2015-02-09 17:11:54',NULL,NULL,NULL),(548,2,1,NULL,'2015-02-09 17:11:54','2015-02-09 17:11:54',NULL,NULL,NULL),(549,2,1,NULL,'2015-02-09 17:11:54','2015-02-09 17:11:54',NULL,NULL,NULL),(550,2,1,NULL,'2015-02-09 17:11:54','2015-02-09 17:11:54',NULL,NULL,NULL),(551,2,1,NULL,'2015-02-09 17:11:54','2015-02-09 17:11:54',NULL,NULL,NULL),(552,2,1,NULL,'2015-02-09 17:11:54','2015-02-09 17:11:54',NULL,NULL,NULL),(553,2,1,NULL,'2015-02-09 17:11:54','2015-02-09 17:11:54',NULL,NULL,NULL),(554,2,1,NULL,'2015-02-09 17:11:54','2015-02-09 17:11:54',NULL,NULL,NULL),(555,2,1,NULL,'2015-02-09 17:11:54','2015-02-09 17:11:54',NULL,NULL,NULL),(556,2,1,NULL,'2015-02-09 17:11:54','2015-02-09 17:11:54',NULL,NULL,NULL),(557,2,1,NULL,'2015-02-09 17:11:54','2015-02-09 17:11:54',NULL,NULL,NULL),(558,2,1,NULL,'2015-02-09 17:11:54','2015-02-09 17:11:54',NULL,NULL,NULL),(559,2,1,NULL,'2015-02-09 17:11:54','2015-02-09 17:11:54',NULL,NULL,NULL),(560,2,1,NULL,'2015-02-09 17:11:54','2015-02-09 17:11:54',NULL,NULL,NULL),(561,2,1,NULL,'2015-02-09 17:11:54','2015-02-09 17:11:54',NULL,NULL,NULL),(562,2,1,NULL,'2015-02-09 17:11:54','2015-02-09 17:11:54',NULL,NULL,NULL),(563,2,1,NULL,'2015-02-09 17:11:54','2015-02-09 17:11:54',NULL,NULL,NULL),(564,2,1,NULL,'2015-02-09 17:11:54','2015-02-09 17:11:54',NULL,NULL,NULL),(565,2,1,NULL,'2015-02-09 17:11:54','2015-02-09 17:11:54',NULL,NULL,NULL),(566,2,1,NULL,'2015-02-09 17:11:54','2015-02-09 17:11:54',NULL,NULL,NULL),(567,2,1,NULL,'2015-02-09 17:11:54','2015-02-09 17:11:54',NULL,NULL,NULL),(568,2,1,NULL,'2015-02-09 17:11:54','2015-02-09 17:11:54',NULL,NULL,NULL),(569,2,1,NULL,'2015-02-09 17:11:54','2015-02-09 17:11:54',NULL,NULL,NULL),(570,2,1,NULL,'2015-02-09 17:11:54','2015-02-09 17:11:54',NULL,NULL,NULL),(571,2,1,NULL,'2015-02-09 17:11:54','2015-02-09 17:11:54',NULL,NULL,NULL),(572,2,1,NULL,'2015-02-09 17:11:54','2015-02-09 17:11:54',NULL,NULL,NULL),(573,2,1,NULL,'2015-02-09 17:11:54','2015-02-09 17:11:54',NULL,NULL,NULL),(574,2,1,NULL,'2015-02-09 17:11:54','2015-02-09 17:11:54',NULL,NULL,NULL),(575,2,1,NULL,'2015-02-09 17:11:54','2015-02-09 17:11:54',NULL,NULL,NULL),(576,2,1,NULL,'2015-02-09 17:11:54','2015-02-09 17:11:54',NULL,NULL,NULL),(577,2,1,NULL,'2015-02-09 17:11:54','2015-02-09 17:11:54',NULL,NULL,NULL),(578,2,1,NULL,'2015-02-09 17:11:54','2015-02-09 17:11:54',NULL,NULL,NULL),(579,2,1,NULL,'2015-02-09 17:11:54','2015-02-09 17:11:54',NULL,NULL,NULL),(580,2,1,NULL,'2015-02-09 17:11:54','2015-02-09 17:11:54',NULL,NULL,NULL),(581,2,0.5,NULL,'2015-02-09 17:11:54','2015-02-09 17:11:54',NULL,NULL,NULL),(582,2,0.2,NULL,'2015-02-09 17:11:54','2015-02-09 17:11:54',NULL,NULL,NULL),(583,2,10,NULL,'2015-02-09 17:11:54','2015-02-09 17:11:54',NULL,NULL,NULL),(584,2,10,NULL,'2015-02-09 17:11:54','2015-02-09 17:11:54',NULL,NULL,NULL),(585,2,4.8,NULL,'2015-02-09 17:11:54','2015-02-09 17:11:54',NULL,NULL,NULL),(586,2,20,NULL,'2015-02-14 11:44:48','2015-02-14 11:44:48',NULL,NULL,NULL),(587,4,0,NULL,'2015-02-18 18:21:43','2015-02-16 17:57:49',NULL,NULL,NULL),(588,5,6,NULL,'2015-02-17 12:10:20','2015-02-17 12:10:20',NULL,NULL,NULL),(589,5,2,NULL,'2015-02-17 12:13:37','2015-02-17 12:13:37',NULL,NULL,NULL),(590,8,22,NULL,'2015-02-17 17:33:46','2015-02-17 17:33:46',NULL,NULL,NULL),(591,8,14,NULL,'2015-02-17 17:37:19','2015-02-17 17:37:19',NULL,NULL,NULL),(592,8,14,NULL,'2015-02-17 17:39:58','2015-02-17 17:39:58',NULL,NULL,NULL),(593,8,9,NULL,'2015-02-17 18:30:41','2015-02-17 17:41:50',NULL,NULL,NULL),(594,8,9,NULL,'2015-02-17 18:30:30','2015-02-17 17:44:53',NULL,NULL,NULL),(595,8,28,NULL,'2015-02-17 18:34:02','2015-02-17 18:34:02',NULL,NULL,NULL),(596,8,18,NULL,'2015-02-17 18:36:40','2015-02-17 18:36:40',NULL,NULL,NULL),(597,8,14,NULL,'2015-02-17 18:37:55','2015-02-17 18:37:55',NULL,NULL,NULL),(598,8,12,NULL,'2015-02-17 18:38:58','2015-02-17 18:38:58',NULL,NULL,NULL),(599,8,12,NULL,'2015-02-17 18:40:14','2015-02-17 18:40:14',NULL,NULL,NULL),(600,8,12.25,NULL,'2015-02-17 18:41:18','2015-02-17 18:41:18',NULL,NULL,NULL),(601,8,12,NULL,'2015-02-17 18:42:54','2015-02-17 18:42:54',NULL,NULL,NULL),(602,8,12,NULL,'2015-02-17 18:44:10','2015-02-17 18:44:10',NULL,NULL,NULL),(603,8,5,NULL,'2015-02-17 18:46:14','2015-02-17 18:46:14',NULL,NULL,NULL),(604,8,9,NULL,'2015-02-17 18:47:12','2015-02-17 18:47:12',NULL,NULL,NULL),(605,3,6.5,NULL,'2015-02-17 18:50:43','2015-02-17 18:50:43',NULL,NULL,NULL),(606,12,8.36,NULL,'2015-02-18 12:47:54','2015-02-17 19:05:02',NULL,NULL,NULL),(607,12,1.35,NULL,'2015-02-17 19:08:11','2015-02-17 19:08:11',NULL,NULL,NULL),(608,8,6,NULL,'2015-02-17 19:29:46','2015-02-17 19:29:46',NULL,NULL,NULL),(609,8,18,NULL,'2015-02-18 09:10:41','2015-02-18 09:10:41',NULL,NULL,NULL),(610,8,14,NULL,'2015-02-18 09:12:15','2015-02-18 09:12:15',NULL,NULL,NULL),(611,7,10.25,NULL,'2015-02-18 09:18:21','2015-02-18 09:18:21',NULL,NULL,NULL),(612,7,10.25,NULL,'2015-02-18 09:20:16','2015-02-18 09:20:16',NULL,NULL,NULL),(613,7,10.25,NULL,'2015-02-18 09:22:31','2015-02-18 09:22:31',NULL,NULL,NULL),(614,7,10.25,NULL,'2015-02-18 09:24:47','2015-02-18 09:24:47',NULL,NULL,NULL),(615,7,13.2,NULL,'2015-02-18 09:27:41','2015-02-18 09:27:41',NULL,NULL,NULL),(616,7,19,NULL,'2015-02-18 10:50:53','2015-02-18 10:50:53',NULL,NULL,NULL),(617,7,13,NULL,'2015-02-18 10:52:37','2015-02-18 10:52:37',NULL,NULL,NULL),(618,7,13,NULL,'2015-02-18 10:55:41','2015-02-18 10:55:41',NULL,NULL,NULL),(619,7,9,NULL,'2015-02-18 10:57:47','2015-02-18 10:57:47',NULL,NULL,NULL),(620,7,9,NULL,'2015-02-18 10:58:50','2015-02-18 10:58:50',NULL,NULL,NULL),(621,7,9,NULL,'2015-02-18 11:00:09','2015-02-18 11:00:09',NULL,NULL,NULL),(622,7,19,NULL,'2015-02-18 11:04:13','2015-02-18 11:04:13',NULL,NULL,NULL),(623,7,19,NULL,'2015-02-18 11:05:35','2015-02-18 11:05:35',NULL,NULL,NULL),(624,7,19,NULL,'2015-02-18 11:16:02','2015-02-18 11:16:02',NULL,NULL,NULL),(625,7,22,NULL,'2015-02-18 11:17:23','2015-02-18 11:17:23',NULL,NULL,NULL),(626,7,19,NULL,'2015-02-18 11:18:45','2015-02-18 11:18:45',NULL,NULL,NULL),(627,7,19,NULL,'2015-02-18 11:20:31','2015-02-18 11:20:31',NULL,NULL,NULL),(628,7,11.2,NULL,'2015-02-18 11:24:33','2015-02-18 11:24:33',NULL,NULL,NULL),(629,7,5,NULL,'2015-02-18 11:28:05','2015-02-18 11:28:05',NULL,NULL,NULL),(630,7,14,NULL,'2015-02-18 11:51:29','2015-02-18 11:34:11',NULL,NULL,NULL),(631,12,2.52,NULL,'2015-02-18 11:41:43','2015-02-18 11:41:43',NULL,NULL,NULL),(632,12,0.39,NULL,'2015-02-18 11:46:12','2015-02-18 11:46:12',NULL,NULL,NULL),(633,12,6.1,NULL,'2015-02-18 11:48:31','2015-02-18 11:48:31',NULL,NULL,NULL),(634,12,4.87,NULL,'2015-02-18 11:50:20','2015-02-18 11:50:20',NULL,NULL,NULL),(635,12,9.5,NULL,'2015-02-18 11:54:58','2015-02-18 11:54:58',NULL,NULL,NULL),(636,12,16.1,NULL,'2015-02-18 11:57:42','2015-02-18 11:57:42',NULL,NULL,NULL),(637,12,16.1,NULL,'2015-02-18 11:59:55','2015-02-18 11:59:55',NULL,NULL,NULL),(638,12,16.1,NULL,'2015-02-18 12:02:22','2015-02-18 12:02:22',NULL,NULL,NULL),(639,12,16.1,NULL,'2015-02-18 12:03:23','2015-02-18 12:03:23',NULL,NULL,NULL),(640,12,5.5,NULL,'2015-02-18 12:04:48','2015-02-18 12:04:48',NULL,NULL,NULL),(641,12,4.9,NULL,'2015-02-18 12:05:50','2015-02-18 12:05:50',NULL,NULL,NULL),(642,12,9.16,NULL,'2015-02-18 12:08:39','2015-02-18 12:08:39',NULL,NULL,NULL),(643,12,5.58,NULL,'2015-02-18 12:10:31','2015-02-18 12:10:31',NULL,NULL,NULL),(644,12,9.97,NULL,'2015-02-18 12:11:53','2015-02-18 12:11:53',NULL,NULL,NULL),(645,12,6.3,NULL,'2015-02-18 12:12:48','2015-02-18 12:12:48',NULL,NULL,NULL),(646,12,3.7,NULL,'2015-02-18 12:14:09','2015-02-18 12:14:09',NULL,NULL,NULL),(647,12,2.9,NULL,'2015-02-18 12:15:29','2015-02-18 12:15:29',NULL,NULL,NULL),(648,12,14.6,NULL,'2015-02-18 12:17:03','2015-02-18 12:17:03',NULL,NULL,NULL),(649,12,3.9,NULL,'2015-02-18 12:20:27','2015-02-18 12:20:27',NULL,NULL,NULL),(650,12,4.7,NULL,'2015-02-18 12:24:34','2015-02-18 12:24:34',NULL,NULL,NULL),(651,12,2.5,NULL,'2015-02-18 12:25:59','2015-02-18 12:25:59',NULL,NULL,NULL),(652,12,2.5,NULL,'2015-02-18 12:26:47','2015-02-18 12:26:47',NULL,NULL,NULL),(653,12,2.5,NULL,'2015-02-18 12:42:22','2015-02-18 12:42:22',NULL,NULL,NULL),(654,12,6.67,NULL,'2015-02-18 12:43:21','2015-02-18 12:43:21',NULL,NULL,NULL),(655,12,5.75,NULL,'2015-02-18 12:46:01','2015-02-18 12:46:01',NULL,NULL,NULL),(656,12,8,NULL,'2015-02-18 16:23:13','2015-02-18 16:23:13',NULL,NULL,NULL),(657,12,5.5,NULL,'2015-02-18 16:28:51','2015-02-18 16:28:51',NULL,NULL,NULL),(658,12,8,NULL,'2015-02-18 16:30:38','2015-02-18 16:30:38',NULL,NULL,NULL),(659,12,14.2,NULL,'2015-02-18 16:31:53','2015-02-18 16:31:53',NULL,NULL,NULL),(660,12,15,NULL,'2015-02-18 16:34:49','2015-02-18 16:34:49',NULL,NULL,NULL),(661,12,15,NULL,'2015-02-18 16:36:44','2015-02-18 16:36:44',NULL,NULL,NULL),(662,12,10,NULL,'2015-02-18 17:41:14','2015-02-18 17:41:14',NULL,NULL,NULL),(663,12,22,NULL,'2015-02-18 17:42:13','2015-02-18 17:42:13',NULL,NULL,NULL),(664,12,3.8,NULL,'2015-02-18 17:43:34','2015-02-18 17:43:34',NULL,NULL,NULL),(665,12,5,NULL,'2015-02-18 17:52:19','2015-02-18 17:52:19',NULL,NULL,NULL),(666,12,4,NULL,'2015-02-18 18:08:02','2015-02-18 18:08:02',NULL,NULL,NULL),(667,12,8,NULL,'2015-02-18 18:08:58','2015-02-18 18:08:58',NULL,NULL,NULL),(668,12,25,NULL,'2015-02-18 18:10:23','2015-02-18 18:10:23',NULL,NULL,NULL),(669,12,9,NULL,'2015-02-18 18:12:26','2015-02-18 18:12:26',NULL,NULL,NULL),(670,12,9,NULL,'2015-02-18 18:18:30','2015-02-18 18:18:30',NULL,NULL,NULL),(671,12,15,NULL,'2015-02-18 18:19:31','2015-02-18 18:19:31',NULL,NULL,NULL),(672,12,8,NULL,'2015-02-18 18:25:45','2015-02-18 18:25:45',NULL,NULL,NULL),(673,12,4,NULL,'2015-02-18 18:27:36','2015-02-18 18:27:36',NULL,NULL,NULL),(674,12,8.5,NULL,'2015-02-18 18:30:26','2015-02-18 18:30:26',NULL,NULL,NULL),(675,12,13,NULL,'2015-02-18 18:32:55','2015-02-18 18:32:55',NULL,NULL,NULL),(676,12,7,NULL,'2015-02-18 18:34:08','2015-02-18 18:34:08',NULL,NULL,NULL),(677,12,17,NULL,'2015-02-18 18:42:58','2015-02-18 18:42:58',NULL,NULL,NULL),(678,12,17,NULL,'2015-02-18 18:43:48','2015-02-18 18:43:48',NULL,NULL,NULL),(679,12,17,NULL,'2015-02-18 18:44:38','2015-02-18 18:44:38',NULL,NULL,NULL),(680,12,0,NULL,'2015-02-18 18:47:34','2015-02-18 18:46:22',NULL,NULL,NULL),(681,12,15,NULL,'2015-02-18 18:49:04','2015-02-18 18:49:04',NULL,NULL,NULL),(682,12,15,NULL,'2015-02-18 18:58:54','2015-02-18 18:58:54',NULL,NULL,NULL),(683,12,15,NULL,'2015-02-18 18:59:53','2015-02-18 18:59:53',NULL,NULL,NULL),(684,12,15,NULL,'2015-02-18 19:04:10','2015-02-18 19:04:10',NULL,NULL,NULL),(685,12,15,NULL,'2015-02-18 19:05:16','2015-02-18 19:05:16',NULL,NULL,NULL),(686,12,15,NULL,'2015-02-18 19:06:17','2015-02-18 19:06:17',NULL,NULL,NULL),(687,12,15,NULL,'2015-02-18 19:07:29','2015-02-18 19:07:29',NULL,NULL,NULL),(688,12,18,NULL,'2015-02-18 19:11:10','2015-02-18 19:11:10',NULL,NULL,NULL),(689,12,9,NULL,'2015-02-18 19:12:31','2015-02-18 19:12:31',NULL,NULL,NULL),(690,12,10,NULL,'2015-02-18 19:14:51','2015-02-18 19:14:51',NULL,NULL,NULL),(691,12,9,NULL,'2015-02-18 19:17:36','2015-02-18 19:17:36',NULL,NULL,NULL),(692,12,5,NULL,'2015-02-18 19:20:18','2015-02-18 19:20:18',NULL,NULL,NULL),(693,12,5,NULL,'2015-02-18 19:21:06','2015-02-18 19:21:06',NULL,NULL,NULL),(694,12,16,NULL,'2015-02-18 19:23:21','2015-02-18 19:23:21',NULL,NULL,NULL),(695,12,10,NULL,'2015-02-20 13:37:46','2015-02-20 13:37:46',NULL,NULL,NULL),(696,12,4,NULL,'2015-02-20 13:38:57','2015-02-20 13:38:57',NULL,NULL,NULL),(697,12,9,NULL,'2015-02-20 13:40:26','2015-02-20 13:40:26',NULL,NULL,NULL),(698,12,14,NULL,'2015-02-20 13:41:45','2015-02-20 13:41:45',NULL,NULL,NULL),(699,12,14,NULL,'2015-02-20 13:43:02','2015-02-20 13:43:02',NULL,NULL,NULL),(700,12,9,NULL,'2015-02-20 13:44:08','2015-02-20 13:44:08',NULL,NULL,NULL),(701,12,23,NULL,'2015-02-20 13:46:59','2015-02-20 13:46:59',NULL,NULL,NULL),(702,12,10,NULL,'2015-02-20 13:48:11','2015-02-20 13:48:11',NULL,NULL,NULL),(703,12,6,NULL,'2015-02-20 13:49:18','2015-02-20 13:49:18',NULL,NULL,NULL),(704,12,6,NULL,'2015-02-20 13:50:30','2015-02-20 13:50:30',NULL,NULL,NULL),(705,12,4,NULL,'2015-02-20 13:51:47','2015-02-20 13:51:47',NULL,NULL,NULL),(706,12,4,NULL,'2015-02-20 13:53:01','2015-02-20 13:53:01',NULL,NULL,NULL),(707,12,3,NULL,'2015-02-20 13:54:30','2015-02-20 13:54:30',NULL,NULL,NULL),(708,12,3,NULL,'2015-02-20 13:56:16','2015-02-20 13:56:16',NULL,NULL,NULL),(709,12,5,NULL,'2015-02-20 13:58:52','2015-02-20 13:58:52',NULL,NULL,NULL),(710,12,5,NULL,'2015-02-20 13:59:46','2015-02-20 13:59:46',NULL,NULL,NULL),(711,12,4,NULL,'2015-02-20 14:00:50','2015-02-20 14:00:50',NULL,NULL,NULL),(712,12,4,NULL,'2015-02-20 14:01:42','2015-02-20 14:01:42',NULL,NULL,NULL),(713,12,3,NULL,'2015-02-20 14:03:19','2015-02-20 14:03:19',NULL,NULL,NULL),(714,12,18,NULL,'2015-02-20 14:04:07','2015-02-20 14:04:07',NULL,NULL,NULL),(715,12,8,NULL,'2015-02-20 14:04:48','2015-02-20 14:04:48',NULL,NULL,NULL),(716,12,18,NULL,'2015-02-20 14:05:40','2015-02-20 14:05:40',NULL,NULL,NULL),(717,12,8,NULL,'2015-02-20 14:06:53','2015-02-20 14:06:53',NULL,NULL,NULL),(718,12,31.5,NULL,'2015-02-20 14:08:48','2015-02-20 14:08:48',NULL,NULL,NULL),(719,12,18,NULL,'2015-02-20 14:10:45','2015-02-20 14:10:45',NULL,NULL,NULL),(720,12,12,NULL,'2015-02-20 14:12:43','2015-02-20 14:12:43',NULL,NULL,NULL),(721,12,12,NULL,'2015-02-20 14:14:35','2015-02-20 14:14:35',NULL,NULL,NULL),(722,12,8,NULL,'2015-02-20 14:15:48','2015-02-20 14:15:48',NULL,NULL,NULL),(723,12,8,NULL,'2015-02-20 14:17:25','2015-02-20 14:17:25',NULL,NULL,NULL),(724,12,20,NULL,'2015-02-20 14:18:38','2015-02-20 14:18:38',NULL,NULL,NULL),(725,12,20,NULL,'2015-02-20 14:20:32','2015-02-20 14:20:32',NULL,NULL,NULL),(726,12,4.2,NULL,'2015-02-20 14:22:13','2015-02-20 14:22:13',NULL,NULL,NULL),(727,12,3,NULL,'2015-02-20 14:27:41','2015-02-20 14:27:41',NULL,NULL,NULL),(728,12,9,NULL,'2015-02-20 14:33:54','2015-02-20 14:33:54',NULL,NULL,NULL),(729,12,9,NULL,'2015-02-20 14:34:36','2015-02-20 14:34:36',NULL,NULL,NULL),(730,12,9,NULL,'2015-02-20 14:37:12','2015-02-20 14:37:12',NULL,NULL,NULL),(731,12,20,NULL,'2015-02-20 14:39:28','2015-02-20 14:39:28',NULL,NULL,NULL),(732,13,7,NULL,'2015-02-22 12:17:38','2015-02-22 12:17:38',NULL,NULL,NULL),(733,13,7,NULL,'2015-02-22 12:18:21','2015-02-22 12:18:21',NULL,NULL,NULL),(734,13,16,NULL,'2015-02-22 12:19:08','2015-02-22 12:19:08',NULL,NULL,NULL),(735,13,16,NULL,'2015-02-22 12:19:43','2015-02-22 12:19:43',NULL,NULL,NULL),(736,13,16,NULL,'2015-02-22 12:20:24','2015-02-22 12:20:24',NULL,NULL,NULL),(737,13,16,NULL,'2015-02-22 12:21:02','2015-02-22 12:21:02',NULL,NULL,NULL),(738,13,9,NULL,'2015-02-22 12:21:59','2015-02-22 12:21:59',NULL,NULL,NULL),(739,13,8,NULL,'2015-02-22 12:22:43','2015-02-22 12:22:43',NULL,NULL,NULL),(740,13,8,NULL,'2015-02-22 12:23:32','2015-02-22 12:23:32',NULL,NULL,NULL),(741,13,9,NULL,'2015-02-22 12:24:07','2015-02-22 12:24:07',NULL,NULL,NULL),(742,13,9,NULL,'2015-02-22 12:24:48','2015-02-22 12:24:48',NULL,NULL,NULL),(743,13,9,NULL,'2015-02-22 12:25:22','2015-02-22 12:25:22',NULL,NULL,NULL),(744,13,9,NULL,'2015-02-22 12:26:09','2015-02-22 12:26:09',NULL,NULL,NULL),(745,9,8,NULL,'2015-02-22 12:27:49','2015-02-22 12:27:49',NULL,NULL,NULL),(746,9,8,NULL,'2015-02-22 12:28:49','2015-02-22 12:28:49',NULL,NULL,NULL),(747,9,8,NULL,'2015-02-22 12:29:40','2015-02-22 12:29:40',NULL,NULL,NULL),(748,9,8,NULL,'2015-02-22 12:30:27','2015-02-22 12:30:27',NULL,NULL,NULL),(749,9,8,NULL,'2015-02-22 12:31:32','2015-02-22 12:31:32',NULL,NULL,NULL),(750,9,8,NULL,'2015-02-22 12:32:09','2015-02-22 12:32:09',NULL,NULL,NULL),(751,9,8,NULL,'2015-02-22 12:32:46','2015-02-22 12:32:46',NULL,NULL,NULL),(752,9,8,NULL,'2015-02-22 12:33:40','2015-02-22 12:33:40',NULL,NULL,NULL),(753,16,8,NULL,'2015-02-22 12:35:10','2015-02-22 12:35:10',NULL,NULL,NULL),(754,15,8,NULL,'2015-02-22 12:36:00','2015-02-22 12:36:00',NULL,NULL,NULL),(755,9,8,NULL,'2015-02-22 12:36:38','2015-02-22 12:36:38',NULL,NULL,NULL),(756,15,8,NULL,'2015-02-22 12:37:50','2015-02-22 12:37:50',NULL,NULL,NULL),(757,9,7,NULL,'2015-02-22 12:39:17','2015-02-22 12:39:17',NULL,NULL,NULL),(758,9,7,NULL,'2015-02-22 12:40:27','2015-02-22 12:40:27',NULL,NULL,NULL),(759,9,7,NULL,'2015-02-22 12:41:27','2015-02-22 12:41:27',NULL,NULL,NULL),(760,15,7,NULL,'2015-02-22 12:42:14','2015-02-22 12:42:14',NULL,NULL,NULL),(761,15,4.76,NULL,'2015-02-22 12:45:05','2015-02-22 12:45:05',NULL,NULL,NULL),(762,9,4.76,NULL,'2015-02-22 12:46:36','2015-02-22 12:46:36',NULL,NULL,NULL),(763,9,4.76,NULL,'2015-02-22 12:47:32','2015-02-22 12:47:32',NULL,NULL,NULL),(764,16,4.76,NULL,'2015-02-22 12:48:44','2015-02-22 12:48:44',NULL,NULL,NULL),(765,6,7,NULL,'2015-02-22 12:56:26','2015-02-22 12:56:26',NULL,NULL,NULL),(766,6,6.22,NULL,'2015-02-22 12:57:51','2015-02-22 12:57:51',NULL,NULL,NULL),(767,6,6.22,NULL,'2015-02-22 12:58:41','2015-02-22 12:58:41',NULL,NULL,NULL),(768,6,7,NULL,'2015-02-22 12:59:19','2015-02-22 12:59:19',NULL,NULL,NULL),(769,6,7,NULL,'2015-02-22 13:00:07','2015-02-22 13:00:07',NULL,NULL,NULL),(770,6,7,NULL,'2015-02-22 13:01:01','2015-02-22 13:01:01',NULL,NULL,NULL),(771,6,7,NULL,'2015-02-22 13:01:48','2015-02-22 13:01:48',NULL,NULL,NULL),(772,6,5.45,NULL,'2015-02-22 13:02:45','2015-02-22 13:02:45',NULL,NULL,NULL),(773,6,7,NULL,'2015-02-22 13:03:48','2015-02-22 13:03:48',NULL,NULL,NULL),(774,6,3.89,NULL,'2015-02-22 13:04:50','2015-02-22 13:04:50',NULL,NULL,NULL),(775,6,3.89,NULL,'2015-02-22 13:05:40','2015-02-22 13:05:40',NULL,NULL,NULL),(776,6,5.44,NULL,'2015-02-22 13:06:58','2015-02-22 13:06:58',NULL,NULL,NULL),(777,6,5.44,NULL,'2015-02-22 13:07:56','2015-02-22 13:07:56',NULL,NULL,NULL),(778,6,5.44,NULL,'2015-02-22 13:08:50','2015-02-22 13:08:50',NULL,NULL,NULL),(779,6,5.44,NULL,'2015-02-22 13:09:31','2015-02-22 13:09:31',NULL,NULL,NULL),(780,6,5.44,NULL,'2015-02-22 13:10:16','2015-02-22 13:10:16',NULL,NULL,NULL),(781,6,5.44,NULL,'2015-02-22 13:11:51','2015-02-22 13:11:51',NULL,NULL,NULL),(782,6,5.44,NULL,'2015-02-22 13:12:45','2015-02-22 13:12:45',NULL,NULL,NULL),(783,8,8,NULL,'2015-02-23 09:45:21','2015-02-23 09:45:21',NULL,NULL,NULL),(784,8,8,NULL,'2015-02-23 09:46:36','2015-02-23 09:46:36',NULL,NULL,NULL),(785,12,8,NULL,'2015-02-23 10:06:58','2015-02-23 10:06:58',NULL,NULL,NULL),(786,12,14,NULL,'2015-02-23 10:07:49','2015-02-23 10:07:49',NULL,NULL,NULL),(787,12,16,NULL,'2015-02-23 10:37:42','2015-02-23 10:37:42',NULL,NULL,NULL),(788,17,1.5,NULL,'2015-02-24 08:32:57','2015-02-24 08:32:57',NULL,NULL,NULL),(789,18,4,NULL,'2015-02-24 08:36:25','2015-02-24 08:36:25',NULL,NULL,NULL),(790,18,9,NULL,'2015-02-24 08:37:08','2015-02-24 08:37:08',NULL,NULL,NULL),(791,17,18,NULL,'2015-02-24 08:41:49','2015-02-24 08:41:49',NULL,NULL,NULL),(792,12,2,NULL,'2015-02-24 09:00:58','2015-02-24 09:00:58',NULL,NULL,NULL);

/*Table structure for table `proveedores` */

DROP TABLE IF EXISTS `proveedores`;

CREATE TABLE `proveedores` (
  `idProveedores` int(11) NOT NULL,
  `NombreComercial` longtext,
  `RazonSocial` longtext,
  `RFC` longtext,
  `Calle` longtext,
  `Colonia` longtext,
  `idMunicipio` int(11) DEFAULT NULL,
  `Representante` longtext,
  `Puesto` longtext,
  `Telefono` longtext,
  `Celular` longtext,
  `Correo` longtext,
  `Foto` longtext,
  `FotoLocal` longtext,
  `LastUpdate` longtext,
  `FechaHora` longtext,
  `CondicionCompra` longtext,
  PRIMARY KEY (`idProveedores`)
) ENGINE=InnoDB DEFAULT CHARSET=latin1;

/*Data for the table `proveedores` */

insert  into `proveedores`(`idProveedores`,`NombreComercial`,`RazonSocial`,`RFC`,`Calle`,`Colonia`,`idMunicipio`,`Representante`,`Puesto`,`Telefono`,`Celular`,`Correo`,`Foto`,`FotoLocal`,`LastUpdate`,`FechaHora`,`CondicionCompra`) values (1,'PROVEEDOR DE RECARGAS','','SKKSLA111','','',NULL,'MARIO CARRILLO','','','09709790','correorecargas@coreos.com',NULL,NULL,'2014-08-25 10:18:07','2014-08-25 10:18:07','1,2'),(2,'DISTRIBUIDORA DE PAPELERIA LOCAL','','LÑHASFOD','','',NULL,'JORGE ORTIZ','','','09709790','correo@gmail.com',NULL,NULL,'2015-02-09 17:11:54','2015-02-09 17:11:54','1,2'),(3,'daniel','','anx','','',NULL,'','','','','',NULL,NULL,'2015-02-16 08:06:13','2015-02-16 08:06:13','1'),(4,'GUGA','','GUG','','',NULL,'','','','961','',NULL,NULL,'2015-02-16 17:55:22','2015-02-16 17:55:22','1,2'),(5,'TONY','','TO','','',NULL,'','','','','',NULL,NULL,'2015-02-17 12:08:27','2015-02-17 12:08:27','1'),(6,'BARCEL','','BA','','',NULL,'','','','','',NULL,NULL,'2015-02-17 12:14:33','2015-02-17 12:14:33','1'),(7,'PEPSI COLA','','PE','','',NULL,'','','','','',NULL,NULL,'2015-02-17 12:15:00','2015-02-17 12:15:00','1'),(8,'COCA COLA','','CO','','',NULL,'','','','','',NULL,NULL,'2015-02-17 12:18:05','2015-02-17 12:18:05','1'),(9,'SABRITAS','','SA','','',NULL,'','','','','',NULL,NULL,'2015-02-17 12:18:26','2015-02-17 12:18:26','1'),(10,'sonrics','','s','','',NULL,'','','','','',NULL,NULL,'2015-02-17 18:28:50','2015-02-17 18:28:50','1'),(11,'sonrics','','s','','',NULL,'','','','','',NULL,NULL,'2015-02-17 18:29:28','2015-02-17 18:29:28','1'),(12,'MI TIENDA AMIGA','','TAA-060329-410','','',NULL,'','','','','',NULL,NULL,'2015-02-17 19:03:19','2015-02-17 19:03:19','1'),(13,'GAMESA','','GA','','',NULL,'','','','','',NULL,NULL,'2015-02-22 12:09:52','2015-02-22 12:09:52','1'),(14,'bimbo','','BA','','',NULL,'','','','','',NULL,NULL,'2015-02-24 08:46:21','2015-02-22 12:10:48','1'),(15,'SABRITAS','','SA','','',NULL,'','','','','',NULL,NULL,'2015-02-22 12:11:20','2015-02-22 12:11:20','1'),(16,'SABRITAS','','PEP','','',NULL,'','','','','',NULL,NULL,'2015-02-22 12:14:41','2015-02-22 12:14:41','1'),(17,'CENTRAL DE ABASTO','','CA','','',NULL,'','','','','',NULL,NULL,'2015-02-24 08:31:35','2015-02-24 08:31:35','1'),(18,'TORTILLERIA RAFITA','','TRF','','',NULL,'','','','','',NULL,NULL,'2015-02-24 08:35:04','2015-02-24 08:35:04','1');

/*Table structure for table `recargas_companias` */

DROP TABLE IF EXISTS `recargas_companias`;

CREATE TABLE `recargas_companias` (
  `idCompania` int(11) NOT NULL,
  `Compania` longtext,
  `LogoActivo` longtext,
  `LogoInactivo` longtext,
  `idStatus` int(11) NOT NULL,
  `FechaHora` longtext,
  `LastUpdate` longtext,
  PRIMARY KEY (`idCompania`)
) ENGINE=InnoDB DEFAULT CHARSET=latin1;

/*Data for the table `recargas_companias` */

insert  into `recargas_companias`(`idCompania`,`Compania`,`LogoActivo`,`LogoInactivo`,`idStatus`,`FechaHora`,`LastUpdate`) values (1,'TELCEL','telcel.jpg',NULL,1,'2014-10-21 13:04:55','2014-10-21 13:04:55'),(2,'MOVISTAR','movistar.jpg','movistar_0.jpg',1,'2014-10-21 13:04:55','2014-10-21 13:04:55'),(3,'IUSACELL','iusacell.jpg','iusacell_0.jpg',1,'2014-10-21 13:04:55','2014-10-21 13:04:55'),(4,'UNEFON','unefon.jpg','unefon_0.jpg',1,'2014-10-21 13:04:55','2014-10-21 13:04:55'),(5,'NEXTEL','nextel.jpg','nextel_0.jpg',1,'2014-10-21 13:04:55','2014-10-21 13:04:55');

/*Table structure for table `recargas_montos` */

DROP TABLE IF EXISTS `recargas_montos`;

CREATE TABLE `recargas_montos` (
  `idMonto` int(11) NOT NULL,
  `idCompania` int(11) NOT NULL,
  `Monto` double DEFAULT NULL,
  `Clave` longtext,
  `Descripcion` longtext,
  `LastUpdate` longtext,
  PRIMARY KEY (`idMonto`)
) ENGINE=InnoDB DEFAULT CHARSET=latin1;

/*Data for the table `recargas_montos` */

insert  into `recargas_montos`(`idMonto`,`idCompania`,`Monto`,`Clave`,`Descripcion`,`LastUpdate`) values (1,1,20,'TAE020','RECARGA TELCEL AMIGO $20','2015-03-05 13:52:51'),(2,1,30,'TAE030','RECARGA TELCEL AMIGO $30','2015-03-05 13:52:51'),(3,1,50,'TAE050','RECARGA TELCEL AMIGO $50','2015-03-05 13:52:51'),(4,1,100,'TAE100','RECARGA TELCEL AMIGO $100','2015-03-05 13:52:51'),(5,1,150,'TAE150','RECARGA TELCEL AMIGO $150','2015-03-05 13:52:51'),(6,1,200,'TAE200','RECARGA TELCEL AMIGO $200','2015-03-05 13:52:51'),(7,1,300,'TAE300','RECARGA TELCEL AMIGO $300','2015-03-05 13:52:51'),(8,1,500,'TAE500','RECARGA TELCEL AMIGO $500','2015-03-05 13:52:51'),(9,2,10,'MOVI010','TIEMPO AIRE MOVISTAR $10','2015-03-05 13:52:51'),(10,2,20,'MOVI020','TIEMPO AIRE MOVISTAR $20','2015-03-05 13:52:51'),(11,2,30,'MOVI030','TIEMPO AIRE MOVISTAR $30','2015-03-05 13:52:51'),(12,2,50,'MOVI050','TIEMPO AIRE MOVISTAR $50','2015-03-05 13:52:51'),(13,2,60,'MOVI060','TIEMPO AIRE MOVISTAR $60','2015-03-05 13:52:51'),(14,2,100,'MOVI100','TIEMPO AIRE MOVISTAR $100','2015-03-05 13:52:51'),(15,2,120,'MOVI120','TIEMPO AIRE MOVISTAR $120','2015-03-05 13:52:51'),(16,2,150,'MOVI150','TIEMPO AIRE MOVISTAR $150','2015-03-05 13:52:51'),(17,2,200,'MOVI200','TIEMPO AIRE MOVISTAR $200','2015-03-05 13:52:51'),(18,2,300,'MOVI300','TIEMPO AIRE MOVISTAR $300','2015-03-05 13:52:51'),(19,2,500,'MOVI500','TIEMPO AIRE MOVISTAR $500','2015-03-05 13:52:51'),(20,3,30,'IUSACEL030','TIEMPO AIRE IUSACELL $30','2015-03-05 13:52:51'),(21,3,50,'IUSACEL050','TIEMPO AIRE IUSACELL $50','2015-03-05 13:52:51'),(22,3,100,'IUSACEL100','TIEMPO AIRE IUSACELL $100','2015-03-05 13:52:51'),(23,3,150,'IUSACEL150','TIEMPO AIRE IUSACELL $150','2015-03-05 13:52:51'),(24,3,200,'IUSACEL200','TIEMPO AIRE IUSACELL $200','2015-03-05 13:52:51'),(25,3,300,'IUSACEL300','TIEMPO AIRE IUSACELL $300','2015-03-05 13:52:51'),(26,3,500,'IUSACEL500','TIEMPO AIRE IUSACELL $500','2015-03-05 13:52:51'),(27,4,30,'IUSACEL030','TIEMPO AIRE UNEFON $30','2015-03-05 13:52:51'),(28,4,50,'IUSACEL050','TIEMPO AIRE UNEFON $50','2015-03-05 13:52:51'),(29,4,100,'IUSACEL100','TIEMPO AIRE UNEFON $100','2015-03-05 13:52:51'),(30,4,150,'IUSACEL150','TIEMPO AIRE UNEFON $150','2015-03-05 13:52:51'),(31,4,200,'IUSACEL200','TIEMPO AIRE UNEFON $200','2015-03-05 13:52:51'),(32,4,300,'IUSACEL300','TIEMPO AIRE UNEFON $300','2015-03-05 13:52:51'),(33,4,500,'IUSACEL500','TIEMPO AIRE UNEFON $500','2015-03-05 13:52:51'),(34,5,30,'NEXTEL030','TIEMPO AIRE NEXTEL $30','2015-03-05 13:52:51'),(35,5,50,'NEXTEL050','TIEMPO AIRE NEXTEL $50','2015-03-05 13:52:51'),(36,5,100,'NEXTEL100','TIEMPO AIRE NEXTEL $100','2015-03-05 13:52:51'),(37,5,200,'NEXTEL200','TIEMPO AIRE NEXTEL $200','2015-03-05 13:52:51'),(38,5,300,'NEXTEL300','TIEMPO AIRE NEXTEL $300','2015-03-05 13:52:51'),(39,5,500,'NEXTEL500','TIEMPO AIRE NEXTEL $500','2015-03-05 13:52:51');

/*Table structure for table `recargas_status` */

DROP TABLE IF EXISTS `recargas_status`;

CREATE TABLE `recargas_status` (
  `idStatus` int(11) NOT NULL,
  `Status` longtext,
  `LastUpdate` longtext,
  PRIMARY KEY (`idStatus`)
) ENGINE=InnoDB DEFAULT CHARSET=latin1;

/*Data for the table `recargas_status` */

insert  into `recargas_status`(`idStatus`,`Status`,`LastUpdate`) values (1,'Activo','2015-03-05 13:52:51'),(2,'Inactivo','2015-03-05 13:52:51');

/*Table structure for table `umedida` */

DROP TABLE IF EXISTS `umedida`;

CREATE TABLE `umedida` (
  `idUnidadMedida` int(11) NOT NULL,
  `UnidadMedida` longtext,
  `Clave` longtext,
  `LastUpdate` longtext,
  `FechaHora` longtext,
  PRIMARY KEY (`idUnidadMedida`)
) ENGINE=InnoDB DEFAULT CHARSET=latin1;

/*Data for the table `umedida` */

insert  into `umedida`(`idUnidadMedida`,`UnidadMedida`,`Clave`,`LastUpdate`,`FechaHora`) values (1,'1KG','','2014-02-28 13:07:38','2014-02-28 13:07:38'),(2,'300G','','2014-02-28 13:07:38','2014-02-28 13:07:38'),(3,'350G','','2014-02-28 13:07:38','2014-02-28 13:07:38'),(4,'900G','','2014-02-28 13:07:38','2014-02-28 13:07:38'),(5,'BARRA','','2014-02-28 13:07:38','2014-02-28 13:07:38'),(6,'BOLSA','','2014-02-28 13:07:38','2014-02-28 13:07:38'),(7,'BOTE','','2014-02-28 13:07:38','2014-02-28 13:07:38'),(8,'CAJA','','2014-02-28 13:07:38','2014-02-28 13:07:38'),(9,'FRASCO','','2014-02-28 13:07:38','2014-02-28 13:07:38'),(10,'KG','','2014-02-28 13:07:38','2014-02-28 13:07:38'),(11,'LATA','','2014-02-28 13:07:38','2014-02-28 13:07:38'),(12,'LITRO','','2014-02-28 13:07:38','2014-02-28 13:07:38'),(13,'MANOJO','','2014-02-28 13:07:38','2014-02-28 13:07:38'),(14,'PAQUETE','','2014-02-28 13:07:38','2014-02-28 13:07:38'),(15,'PIEZA','','2014-02-28 13:07:38','2014-02-28 13:07:38'),(16,'TUBO','','2014-02-28 13:07:38','2014-02-28 13:07:38');

/*Table structure for table `umedida_copy` */

DROP TABLE IF EXISTS `umedida_copy`;

CREATE TABLE `umedida_copy` (
  `idUnidadMedida` int(11) NOT NULL,
  `UnidadMedida` longtext,
  `Clave` longtext,
  `LastUpdate` longtext,
  `FechaHora` longtext,
  PRIMARY KEY (`idUnidadMedida`)
) ENGINE=InnoDB DEFAULT CHARSET=latin1;


insert  into `umedida_copy`(`idUnidadMedida`,`UnidadMedida`,`Clave`,`LastUpdate`,`FechaHora`) values (1,'Pieza','PZ','',''),(2,'Caja','Cj','',''),(3,'Bulto','Bl','',''),(4,'Litro','Lt','',''),(5,'Galón','Gl','',''),(6,'Garrafón','Gf','',''),(7,'Metro','M','',''),(8,'Metro2','M2','',''),(9,'Metro Lineal','Ml','',''),(10,'Metro3','M3','',''),(11,'Kilo','Kg','',''),(12,'Gramo Neto','Gn','',''),(13,'Gramo','Gr','',''),(14,'Par','P','',''),(15,'Juego','Jg','',''),(16,'Barril','Br','',''),(17,'Botella','Bt','',''),(18,'Tonelada','Tn','',''),(19,'Decenas','Dc','','');

